Anunciante,Bloco de anúncios,Data,Tamanho do criativo,Total de impressões,Total de cliques,Receita Bruta (R$),Receita Líquida,eCPM
Áudio (0x0),Portal NE10,21/01/2024,0 x 0,202,0,"R$0,30 ","0,18","1,4851"
Áudio (0x0),Portal NE10,21/01/2024,0 x 0,707,2,"R$1,66 ","0,996","2,3479"
Áudio (0x0),Portal NE10,21/01/2024,0 x 0,1,0,"R$0,01 ","0,006","10,0"
Áudio (0x0),Portal NE10,21/01/2024,0 x 0,225,0,"R$1,11 ","0,666","4,9333"
Áudio (0x0),Portal NE10,21/01/2024,0 x 0,15,0,"R$0,01 ","0,006","0,6667"
Áudio (0x0),Portal NE10,21/01/2024,0 x 0,19,0,"R$0,26 ","0,156","13,6842"
Áudio (0x0),Portal NE10,21/01/2024,0 x 0,2,0,"R$0,02 ","0,012","10,0"
Áudio (0x0),Portal NE10,21/01/2024,0 x 0,86,0,"R$0,32 ","0,192","3,7209"
Áudio (0x0),Interior,21/01/2024,0 x 0,38,0,"R$0,21 ","0,126","5,5263"
Áudio (0x0),Interior,21/01/2024,0 x 0,51,1,"R$0,44 ","0,264","8,6275"
Áudio (0x0),Interior,21/01/2024,0 x 0,4,0,"R$0,04 ","0,024","10,0"
Áudio (0x0),Interior,21/01/2024,0 x 0,4,0,"R$0,00 ","0,0","0,0"
Áudio (0x0),JC Online,21/01/2024,0 x 0,25340,0,"R$69,35 ","41,61","2,7368"
Áudio (0x0),Jamildo,21/01/2024,0 x 0,36038,0,"R$93,50 ","56,1","2,5945"
Áudio (0x0),JC Online,21/01/2024,0 x 0,18,0,"R$0,02 ","0,012","1,1111"
Áudio (0x0),JC Online,21/01/2024,0 x 0,11782,25,"R$21,26 ","12,756","1,8044"
Áudio (0x0),Jamildo,21/01/2024,0 x 0,2926,0,"R$7,78 ","4,668","2,6589"
Áudio (0x0),Jamildo,21/01/2024,0 x 0,2865,2,"R$5,59 ","3,354","1,9511"
Áudio (0x0),Jamildo,21/01/2024,0 x 0,238,2,"R$0,74 ","0,444","3,1092"
Áudio (0x0),Portal NE10,21/01/2024,0 x 0,155,0,"R$0,22 ","0,132","1,4194"
Áudio (0x0),Social 1,21/01/2024,0 x 0,102288,2,"R$188,23 ","112,938","1,8402"
Áudio (0x0),Social 1,21/01/2024,0 x 0,67,0,"R$0,07 ","0,042","1,0448"
Áudio (0x0),Social 1,21/01/2024,0 x 0,2365,4,"R$7,54 ","4,524","3,1882"
Áudio (0x0),Social 1,21/01/2024,0 x 0,455,3,"R$1,89 ","1,134","4,1538"
Áudio (0x0),Blog do Torcedor,21/01/2024,0 x 0,23024,2,"R$45,20 ","27,12","1,9632"
Áudio (0x0),Blog do Torcedor,21/01/2024,0 x 0,2596,11,"R$5,75 ","3,45","2,2149"
Áudio (0x0),Blog do Torcedor,21/01/2024,0 x 0,121,0,"R$0,62 ","0,372","5,124"
Áudio (0x0),JC Online,21/01/2024,0 x 0,242,3,"R$1,44 ","0,864","5,9504"
Áudio (0x0),JC Online,21/01/2024,0 x 0,336,0,"R$0,66 ","0,396","1,9643"
Áudio (0x0),JC Classico,21/01/2024,0 x 0,7,0,"R$0,01 ","0,006","1,4286"
Áudio (0x0),JC Classico,21/01/2024,0 x 0,60,0,"R$0,20 ","0,12","3,3333"
Áudio (0x0),JC HTML,21/01/2024,0 x 0,770,1,"R$1,02 ","0,612","1,3247"
Áudio (0x0),JC HTML,21/01/2024,0 x 0,48,0,"R$0,39 ","0,234","8,125"
Áudio (0x0),Portal NE10,21/01/2024,0 x 0,31,0,"R$0,34 ","0,204","10,9677"
Áudio (0x0),Portal NE10,21/01/2024,0 x 0,1,0,"R$0,00 ","0,0","0,0"
Áudio (0x0),Portal NE10,21/01/2024,0 x 0,19,0,"R$0,16 ","0,096","8,4211"
Áudio (0x0),Portal NE10,21/01/2024,0 x 0,4,0,"R$0,00 ","0,0","0,0"
Áudio (0x0),Portal NE10,21/01/2024,0 x 0,7,0,"R$0,02 ","0,012","2,8571"
Áudio (0x0),Rádio Jornal,21/01/2024,0 x 0,2608,0,"R$5,23 ","3,138","2,0054"
Áudio (0x0),Rádio Jornal,21/01/2024,0 x 0,295,0,"R$1,18 ","0,708","4,0"
Áudio (0x0),Rádio Jornal,21/01/2024,0 x 0,2,0,"R$0,01 ","0,006","5,0"
Áudio (0x0),Rádio Jornal,21/01/2024,0 x 0,15,0,"R$0,03 ","0,018","2,0"
Áudio (0x0),Rádio Jornal,21/01/2024,0 x 0,59,0,"R$0,09 ","0,054","1,5254"
Áudio (0x0),Rádio Jornal,21/01/2024,0 x 0,19,0,"R$0,02 ","0,012","1,0526"
Áudio (0x0),TV Jornal,21/01/2024,0 x 0,471,0,"R$2,75 ","1,65","5,8386"
Áudio (0x0),TV Jornal,21/01/2024,0 x 0,4,0,"R$0,00 ","0,0","0,0"
Áudio (0x0),TV Jornal,21/01/2024,0 x 0,679,2,"R$1,97 ","1,182","2,9013"
Áudio (0x0),TV Jornal,21/01/2024,0 x 0,26,0,"R$0,41 ","0,246","15,7692"
Áudio (0x0),TV Jornal,21/01/2024,0 x 0,16,0,"R$0,13 ","0,078","8,125"
Áudio (0x0),Interior,21/01/2024,0 x 0,1,0,"R$0,00 ","0,0","0,0"
Áudio (0x0),Portal NE10,21/01/2024,0 x 0,18,0,"R$0,03 ","0,018","1,6667"
Áudio (0x0),TV Jornal,21/01/2024,0 x 0,37,0,"R$0,13 ","0,078","3,5135"
AGCLUB7 INTERACTIVE B.V/0000-00,Portal NE10,21/01/2024,300 x 250v,1,0,"R$0,03 ","0,018","30,0"
AGCLUB7 INTERACTIVE B.V/0000-00,Portal NE10,21/01/2024,480 x 360v,17,1,"R$0,43 ","0,258","25,2941"
AGCLUB7 INTERACTIVE B.V/0000-00,Interior,21/01/2024,640 x 480v,13,0,"R$0,33 ","0,198","25,3846"
AGCLUB7 INTERACTIVE B.V/0000-00,Interior,21/01/2024,640 x 480v,2,0,"R$0,05 ","0,03","25,0"
AGCLUB7 INTERACTIVE B.V/0000-00,Interior,21/01/2024,640 x 480v,1,0,"R$0,03 ","0,018","30,0"
AGCLUB7 INTERACTIVE B.V/0000-00,JC Online,21/01/2024,300 x 250v,998,1,"R$25,15 ","15,09","25,2004"
AGCLUB7 INTERACTIVE B.V/0000-00,Jamildo,21/01/2024,300 x 250v,420,0,"R$10,58 ","6,348","25,1905"
AGCLUB7 INTERACTIVE B.V/0000-00,Jamildo,21/01/2024,300 x 250v,56,0,"R$1,41 ","0,846","25,1786"
AGCLUB7 INTERACTIVE B.V/0000-00,Jamildo,21/01/2024,300 x 250v,6,0,"R$0,15 ","0,09","25,0"
AGCLUB7 INTERACTIVE B.V/0000-00,Portal NE10,21/01/2024,300 x 250v,6,0,"R$0,15 ","0,09","25,0"
AGCLUB7 INTERACTIVE B.V/0000-00,Social 1,21/01/2024,300 x 250v,13269,74,"R$334,38 ","200,628","25,2001"
AGCLUB7 INTERACTIVE B.V/0000-00,Blog do Torcedor,21/01/2024,300 x 250v,139,0,"R$3,50 ","2,1","25,1799"
AGCLUB7 INTERACTIVE B.V/0000-00,JC Online,21/01/2024,300 x 250v,3,0,"R$0,08 ","0,048","26,6667"
AGCLUB7 INTERACTIVE B.V/0000-00,JC HTML,21/01/2024,300 x 250v,10,0,"R$0,25 ","0,15","25,0"
AGCLUB7 INTERACTIVE B.V/0000-00,Portal NE10,21/01/2024,300 x 250v,1,0,"R$0,03 ","0,018","30,0"
AGCLUB7 INTERACTIVE B.V/0000-00,Rádio Jornal,21/01/2024,300 x 250v,78,1,"R$1,97 ","1,182","25,2564"
AGCLUB7 INTERACTIVE B.V/0000-00,Rádio Jornal,21/01/2024,480 x 360v,7,0,"R$0,18 ","0,108","25,7143"
AGCLUB7 INTERACTIVE B.V/0000-00,TV Jornal,21/01/2024,300 x 250v,33,0,"R$0,83 ","0,498","25,1515"
Amazon,JC Online,21/01/2024,1 x 1,2,0,"R$0,01 ","0,006","5,0"
Amazon,Jamildo,21/01/2024,1 x 1,1,0,"R$0,01 ","0,006","10,0"
Amazon,Jamildo,21/01/2024,1 x 1,25,0,"R$0,08 ","0,048","3,2"
Amazon,Social 1,21/01/2024,1 x 1,33,0,"R$0,11 ","0,066","3,3333"
Amazon,Social 1,21/01/2024,1 x 1,2,0,"R$0,00 ","0,0","0,0"
Amazon,Blog do Torcedor,21/01/2024,1 x 1,33,0,"R$0,13 ","0,078","3,9394"
Amazon,Blog do Torcedor,21/01/2024,1 x 1,2,0,"R$0,00 ","0,0","0,0"
Amazon,JC Online,21/01/2024,1 x 1,94,0,"R$0,41 ","0,246","4,3617"
Amazon,JC Classico,21/01/2024,1 x 1,6,0,"R$0,06 ","0,036","10,0"
Amazon,Rádio Jornal,21/01/2024,1 x 1,5,0,"R$0,01 ","0,006","2,0"
Amazon,Interior,21/01/2024,1 x 1,2,0,"R$0,01 ","0,006","5,0"
AppNexus,Portal NE10,21/01/2024,1 x 1,64,0,"R$0,08 ","0,048","1,25"
AppNexus,Portal NE10,21/01/2024,Nativo,18,0,"R$0,02 ","0,012","1,1111"
AppNexus,Portal NE10,21/01/2024,1 x 1,124,0,"R$0,30 ","0,18","2,4194"
AppNexus,Portal NE10,21/01/2024,1 x 1,2,0,"R$0,02 ","0,012","10,0"
AppNexus,Portal NE10,21/01/2024,480 x 360v,148,2,"R$0,04 ","0,024","0,2703"
AppNexus,Portal NE10,21/01/2024,480 x 360v,123,3,"R$0,17 ","0,102","1,3821"
AppNexus,Interior,21/01/2024,1 x 1,6,0,"R$0,04 ","0,024","6,6667"
AppNexus,Interior,21/01/2024,1 x 1,2,0,"R$0,03 ","0,018","15,0"
AppNexus,Interior,21/01/2024,480 x 360v,19,0,"R$0,01 ","0,006","0,5263"
AppNexus,JC Online,21/01/2024,1 x 1,6931,0,"R$20,99 ","12,594","3,0284"
AppNexus,JC Online,21/01/2024,Nativo,25,0,"R$0,03 ","0,018","1,2"
AppNexus,Jamildo,21/01/2024,1 x 1,5650,0,"R$21,74 ","13,044","3,8478"
AppNexus,JC Online,21/01/2024,1 x 1,3035,0,"R$4,28 ","2,568","1,4102"
AppNexus,JC Online,21/01/2024,Nativo,3,0,"R$0,00 ","0,0","0,0"
AppNexus,Jamildo,21/01/2024,1 x 1,573,0,"R$0,98 ","0,588","1,7103"
AppNexus,Jamildo,21/01/2024,1 x 1,25,0,"R$0,04 ","0,024","1,6"
AppNexus,Jamildo,21/01/2024,480 x 360v,480,5,"R$0,38 ","0,228","0,7917"
AppNexus,Portal NE10,21/01/2024,480 x 360v,2,0,"R$0,00 ","0,0","0,0"
AppNexus,Portal NE10,21/01/2024,1 x 1,76,0,"R$0,05 ","0,03","0,6579"
AppNexus,Social 1,21/01/2024,1 x 1,34707,0,"R$70,53 ","42,318","2,0322"
AppNexus,Social 1,21/01/2024,Nativo,17,0,"R$0,02 ","0,012","1,1765"
AppNexus,Social 1,21/01/2024,1 x 1,587,0,"R$1,12 ","0,672","1,908"
AppNexus,Social 1,21/01/2024,480 x 360v,1791,26,"R$2,84 ","1,704","1,5857"
AppNexus,Blog do Torcedor,21/01/2024,1 x 1,3914,0,"R$10,16 ","6,096","2,5958"
AppNexus,Blog do Torcedor,21/01/2024,Nativo,3,0,"R$0,00 ","0,0","0,0"
AppNexus,Blog do Torcedor,21/01/2024,1 x 1,502,0,"R$0,88 ","0,528","1,753"
AppNexus,Blog do Torcedor,21/01/2024,480 x 360v,491,5,"R$0,62 ","0,372","1,2627"
AppNexus,Blog do Torcedor,21/01/2024,1 x 1,1,0,"R$0,00 ","0,0","0,0"
AppNexus,JC Online,21/01/2024,480 x 360v,2,0,"R$0,00 ","0,0","0,0"
AppNexus,JC Online,21/01/2024,480 x 360v,1379,11,"R$0,71 ","0,426","0,5149"
AppNexus,JC Online,21/01/2024,1 x 1,93,0,"R$0,16 ","0,096","1,7204"
AppNexus,JC Classico,21/01/2024,1 x 1,6,0,"R$0,02 ","0,012","3,3333"
AppNexus,JC HTML,21/01/2024,1 x 1,2,0,"R$0,00 ","0,0","0,0"
AppNexus,Portal NE10,21/01/2024,1 x 1,26,0,"R$0,19 ","0,114","7,3077"
AppNexus,Portal NE10,21/01/2024,Nativo,7,1,"R$0,03 ","0,018","4,2857"
AppNexus,Portal NE10,21/01/2024,1 x 1,1,0,"R$0,01 ","0,006","10,0"
AppNexus,Portal NE10,21/01/2024,480 x 360v,13,0,"R$0,00 ","0,0","0,0"
AppNexus,Rádio Jornal,21/01/2024,1 x 1,1320,0,"R$1,69 ","1,014","1,2803"
AppNexus,Rádio Jornal,21/01/2024,Nativo,18,0,"R$0,02 ","0,012","1,1111"
AppNexus,Rádio Jornal,21/01/2024,1 x 1,166,0,"R$0,19 ","0,114","1,1446"
AppNexus,Rádio Jornal,21/01/2024,1 x 1,10,0,"R$0,01 ","0,006","1,0"
AppNexus,Rádio Jornal,21/01/2024,1 x 1,16,0,"R$0,00 ","0,0","0,0"
AppNexus,Rádio Jornal,21/01/2024,480 x 360v,34,0,"R$0,03 ","0,018","0,8824"
AppNexus,Rádio Jornal,21/01/2024,1 x 1,3,0,"R$0,00 ","0,0","0,0"
AppNexus,TV Jornal,21/01/2024,1 x 1,83,0,"R$0,62 ","0,372","7,4699"
AppNexus,TV Jornal,21/01/2024,1 x 1,165,0,"R$0,26 ","0,156","1,5758"
AppNexus,TV Jornal,21/01/2024,1 x 1,1,0,"R$0,00 ","0,0","0,0"
AppNexus,TV Jornal,21/01/2024,480 x 360v,102,3,"R$0,10 ","0,06","0,9804"
BANCO BTG PACTUAL S.A / 0002-26,Portal NE10,21/01/2024,300 x 250,2,0,"R$0,02 ","0,012","10,0"
BANCO BTG PACTUAL S.A / 0002-26,Portal NE10,21/01/2024,320 x 50,3,0,"R$0,03 ","0,018","10,0"
BANCO BTG PACTUAL S.A / 0002-26,Interior,21/01/2024,300 x 250,5,0,"R$0,05 ","0,03","10,0"
BANCO BTG PACTUAL S.A / 0002-26,Interior,21/01/2024,320 x 50,4,0,"R$0,04 ","0,024","10,0"
BANCO BTG PACTUAL S.A / 0002-26,JC Online,21/01/2024,300 x 250,4318,10,"R$39,92 ","23,952","9,245"
BANCO BTG PACTUAL S.A / 0002-26,JC Online,21/01/2024,320 x 50,10486,10,"R$96,95 ","58,17","9,2457"
BANCO BTG PACTUAL S.A / 0002-26,Jamildo,21/01/2024,300 x 250,11333,14,"R$104,78 ","62,868","9,2456"
BANCO BTG PACTUAL S.A / 0002-26,Jamildo,21/01/2024,320 x 50,38178,48,"R$352,99 ","211,794","9,2459"
BANCO BTG PACTUAL S.A / 0002-26,Portal NE10,21/01/2024,300 x 250,5,0,"R$0,05 ","0,03","10,0"
BANCO BTG PACTUAL S.A / 0002-26,Portal NE10,21/01/2024,320 x 50,12,0,"R$0,11 ","0,066","9,1667"
BANCO BTG PACTUAL S.A / 0002-26,Social 1,21/01/2024,300 x 250,3175,1,"R$29,36 ","17,616","9,2472"
BANCO BTG PACTUAL S.A / 0002-26,Social 1,21/01/2024,320 x 50,11900,14,"R$110,03 ","66,018","9,2462"
BANCO BTG PACTUAL S.A / 0002-26,Blog do Torcedor,21/01/2024,300 x 250,182,0,"R$1,68 ","1,008","9,2308"
BANCO BTG PACTUAL S.A / 0002-26,Blog do Torcedor,21/01/2024,320 x 50,2008,4,"R$18,57 ","11,142","9,248"
BANCO BTG PACTUAL S.A / 0002-26,JC Online,21/01/2024,320 x 50,1,0,"R$0,01 ","0,006","10,0"
BANCO BTG PACTUAL S.A / 0002-26,Rádio Jornal,21/01/2024,300 x 250,325,1,"R$3,00 ","1,8","9,2308"
BANCO BTG PACTUAL S.A / 0002-26,Rádio Jornal,21/01/2024,320 x 50,413,2,"R$3,82 ","2,292","9,2494"
BANCO BTG PACTUAL S.A / 0002-26,TV Jornal,21/01/2024,300 x 250,233,2,"R$2,15 ","1,29","9,2275"
BANCO BTG PACTUAL S.A / 0002-26,TV Jornal,21/01/2024,320 x 50,102,1,"R$0,94 ","0,564","9,2157"
BANCO DO NORDESTE,Portal NE10,21/01/2024,300 x 250,2,0,"R$0,00 ","0,0","0,0"
BANCO DO NORDESTE,Portal NE10,21/01/2024,300 x 250,2778,0,"R$0,00 ","0,0","0,0"
BANCO DO NORDESTE,Portal NE10,21/01/2024,300 x 250,67,0,"R$0,00 ","0,0","0,0"
BANCO DO NORDESTE,Interior,21/01/2024,300 x 250,2019,0,"R$0,00 ","0,0","0,0"
BANCO DO NORDESTE,Interior,21/01/2024,300 x 250,38,0,"R$0,00 ","0,0","0,0"
BANCO DO NORDESTE,Portal NE10,21/01/2024,300 x 250,5,0,"R$0,00 ","0,0","0,0"
BANCO DO NORDESTE,JC Online,21/01/2024,300 x 250,16888,0,"R$0,00 ","0,0","0,0"
BANCO DO NORDESTE,Jamildo,21/01/2024,300 x 250,4709,0,"R$0,00 ","0,0","0,0"
BANCO DO NORDESTE,JC Online,21/01/2024,300 x 250,575,0,"R$0,00 ","0,0","0,0"
BANCO DO NORDESTE,JC Classico,21/01/2024,300 x 250,15,0,"R$0,00 ","0,0","0,0"
BANCO DO NORDESTE,JC HTML,21/01/2024,300 x 250,949,0,"R$0,00 ","0,0","0,0"
BANCO DO NORDESTE,Portal NE10,21/01/2024,300 x 250,777,0,"R$0,00 ","0,0","0,0"
BANCO DO NORDESTE,TV Jornal,21/01/2024,300 x 250,21737,0,"R$0,00 ","0,0","0,0"
BANCO DO NORDESTE,TV Jornal,21/01/2024,300 x 250,29,0,"R$0,00 ","0,0","0,0"
BANCO J. SAFRA S.A/0001-20,Portal NE10,21/01/2024,728 x 90,1,0,"R$0,01 ","0,006","10,0"
BANCO J. SAFRA S.A/0001-20,JC Online,21/01/2024,300 x 600,2,0,"R$0,02 ","0,012","10,0"
BANCO J. SAFRA S.A/0001-20,JC Online,21/01/2024,728 x 90,3,0,"R$0,03 ","0,018","10,0"
BANCO J. SAFRA S.A/0001-20,Jamildo,21/01/2024,728 x 90,1,0,"R$0,01 ","0,006","10,0"
BANCO J. SAFRA S.A/0001-20,Blog do Torcedor,21/01/2024,728 x 90,2,0,"R$0,02 ","0,012","10,0"
BANCO J. SAFRA S.A/0001-20,Blog do Torcedor,21/01/2024,970 x 90,1,0,"R$0,01 ","0,006","10,0"
BANCO J. SAFRA S.A/0001-20,Rádio Jornal,21/01/2024,970 x 90,1,0,"R$0,01 ","0,006","10,0"
BANCO SAFRA S A / 0001-28,JC Online,21/01/2024,300 x 250,507,0,"R$2,54 ","1,524","5,0099"
BANCO SAFRA S A / 0001-28,Jamildo,21/01/2024,300 x 250,32,0,"R$0,16 ","0,096","5,0"
BANCO SAFRA S A / 0001-28,Jamildo,21/01/2024,300 x 250,6,0,"R$0,03 ","0,018","5,0"
BANCO SAFRA S A / 0001-28,Portal NE10,21/01/2024,300 x 250,3,0,"R$0,02 ","0,012","6,6667"
BANCO SAFRA S A / 0001-28,Social 1,21/01/2024,300 x 250,70,0,"R$0,35 ","0,21","5,0"
BANCO SAFRA S A / 0001-28,Blog do Torcedor,21/01/2024,300 x 250,13,0,"R$0,07 ","0,042","5,3846"
BANCO SAFRA S A / 0001-28,Blog do Torcedor,21/01/2024,300 x 600,1,0,"R$0,01 ","0,006","10,0"
BANCO SAFRA S A / 0001-28,JC HTML,21/01/2024,300 x 250,13,0,"R$0,07 ","0,042","5,3846"
BANCO SAFRA S A / 0001-28,Rádio Jornal,21/01/2024,300 x 250,42,0,"R$0,21 ","0,126","5,0"
BANCO SAFRA S A / 0001-28,TV Jornal,21/01/2024,300 x 250,11,0,"R$0,06 ","0,036","5,4545"
BRILUX,TV Jornal,21/01/2024,300 x 250,3847,9,"R$0,00 ","0,0","0,0"
BRILUX,TV Jornal,21/01/2024,320 x 50,4753,2,"R$0,00 ","0,0","0,0"
BRILUX,TV Jornal,21/01/2024,320 x 50,504,1,"R$0,00 ","0,0","0,0"
BRILUX,TV Jornal,21/01/2024,320 x 50,29,0,"R$0,00 ","0,0","0,0"
BRILUX,TV Jornal,21/01/2024,320 x 50,17,0,"R$0,00 ","0,0","0,0"
CAIXA,Portal NE10,21/01/2024,300 x 250,11,0,"R$0,00 ","0,0","0,0"
CAIXA,Portal NE10,21/01/2024,300 x 250,3806,10,"R$0,00 ","0,0","0,0"
CAIXA,Portal NE10,21/01/2024,300 x 250,81,0,"R$0,00 ","0,0","0,0"
CAIXA,Portal NE10,21/01/2024,300 x 250,22,0,"R$0,00 ","0,0","0,0"
CAIXA,Social 1,21/01/2024,300 x 250,14329,34,"R$0,00 ","0,0","0,0"
CAIXA,Portal NE10,21/01/2024,300 x 250,2925,8,"R$0,00 ","0,0","0,0"
CAIXA ECONOMICA FEDERAL/0238-21,Portal NE10,21/01/2024,480 x 360v,1,0,"R$0,10 ","0,06","100,0"
CAIXA ECONOMICA FEDERAL/0238-21,Portal NE10,21/01/2024,480 x 360v,454,11,"R$32,92 ","19,752","72,511"
CAIXA ECONOMICA FEDERAL/0238-21,Interior,21/01/2024,480 x 360v,22,1,"R$1,92 ","1,152","87,2727"
CAIXA ECONOMICA FEDERAL/0238-21,Jamildo,21/01/2024,480 x 360v,320,8,"R$24,26 ","14,556","75,8125"
CAIXA ECONOMICA FEDERAL/0238-21,Portal NE10,21/01/2024,480 x 360v,1,0,"R$0,10 ","0,06","100,0"
CAIXA ECONOMICA FEDERAL/0238-21,Social 1,21/01/2024,480 x 360v,3191,70,"R$230,31 ","138,186","72,1749"
CAIXA ECONOMICA FEDERAL/0238-21,Blog do Torcedor,21/01/2024,480 x 360v,499,3,"R$30,85 ","18,51","61,8236"
CAIXA ECONOMICA FEDERAL/0238-21,JC Online,21/01/2024,480 x 360v,1,0,"R$0,10 ","0,06","100,0"
CAIXA ECONOMICA FEDERAL/0238-21,JC Online,21/01/2024,480 x 360v,961,9,"R$80,55 ","48,33","83,8189"
CAIXA ECONOMICA FEDERAL/0238-21,Portal NE10,21/01/2024,480 x 360v,1,0,"R$0,10 ","0,06","100,0"
CAIXA ECONOMICA FEDERAL/0238-21,Rádio Jornal,21/01/2024,480 x 360v,62,2,"R$5,40 ","3,24","87,0968"
CAIXA ECONOMICA FEDERAL/0238-21,TV Jornal,21/01/2024,480 x 360v,57,0,"R$4,03 ","2,418","70,7018"
CAMPANHA INSTITUCIONAL CARUARU,Interior,21/01/2024,Nativo,4,0,"R$0,00 ","0,0","0,0"
CAMPANHA INSTITUCIONAL RECIFE,Portal NE10,21/01/2024,300 x 250,13,0,"R$0,00 ","0,0","0,0"
CAMPANHA INSTITUCIONAL RECIFE,Portal NE10,21/01/2024,Nativo,20,0,"R$0,00 ","0,0","0,0"
CAMPANHA INSTITUCIONAL RECIFE,Portal NE10,21/01/2024,1 x 1,16,0,"R$0,00 ","0,0","0,0"
CAMPANHA INSTITUCIONAL RECIFE,Portal NE10,21/01/2024,300 x 100,79,2,"R$0,00 ","0,0","0,0"
CAMPANHA INSTITUCIONAL RECIFE,Portal NE10,21/01/2024,300 x 50,5,0,"R$0,00 ","0,0","0,0"
CAMPANHA INSTITUCIONAL RECIFE,Portal NE10,21/01/2024,320 x 100,9,0,"R$0,00 ","0,0","0,0"
CAMPANHA INSTITUCIONAL RECIFE,Portal NE10,21/01/2024,320 x 50,4,0,"R$0,00 ","0,0","0,0"
CAMPANHA INSTITUCIONAL RECIFE,Portal NE10,21/01/2024,728 x 90,40,1,"R$0,00 ","0,0","0,0"
CAMPANHA INSTITUCIONAL RECIFE,Portal NE10,21/01/2024,970 x 90,43,0,"R$0,00 ","0,0","0,0"
CAMPANHA INSTITUCIONAL RECIFE,Portal NE10,21/01/2024,300 x 250,27,0,"R$0,00 ","0,0","0,0"
CAMPANHA INSTITUCIONAL RECIFE,Portal NE10,21/01/2024,320 x 50,5,0,"R$0,00 ","0,0","0,0"
CAMPANHA INSTITUCIONAL RECIFE,Portal NE10,21/01/2024,300 x 250,1720,0,"R$0,00 ","0,0","0,0"
CAMPANHA INSTITUCIONAL RECIFE,Portal NE10,21/01/2024,300 x 600,470,0,"R$0,00 ","0,0","0,0"
CAMPANHA INSTITUCIONAL RECIFE,Portal NE10,21/01/2024,320 x 50,4508,1,"R$0,00 ","0,0","0,0"
CAMPANHA INSTITUCIONAL RECIFE,Portal NE10,21/01/2024,60 x 60,3255,0,"R$0,00 ","0,0","0,0"
CAMPANHA INSTITUCIONAL RECIFE,Portal NE10,21/01/2024,Nativo,462,0,"R$0,00 ","0,0","0,0"
CAMPANHA INSTITUCIONAL RECIFE,Portal NE10,21/01/2024,320 x 100,4645,7,"R$0,00 ","0,0","0,0"
CAMPANHA INSTITUCIONAL RECIFE,Portal NE10,21/01/2024,320 x 50,1,0,"R$0,00 ","0,0","0,0"
CAMPANHA INSTITUCIONAL RECIFE,Portal NE10,21/01/2024,970 x 90,2535,1,"R$0,00 ","0,0","0,0"
CAMPANHA INSTITUCIONAL RECIFE,Portal NE10,21/01/2024,480 x 360v,154,0,"R$0,00 ","0,0","0,0"
CAMPANHA INSTITUCIONAL RECIFE,Portal NE10,21/01/2024,300 x 250,856,1,"R$0,00 ","0,0","0,0"
CAMPANHA INSTITUCIONAL RECIFE,Interior,21/01/2024,300 x 250,2432,8,"R$0,00 ","0,0","0,0"
CAMPANHA INSTITUCIONAL RECIFE,Interior,21/01/2024,300 x 600,153,0,"R$0,00 ","0,0","0,0"
CAMPANHA INSTITUCIONAL RECIFE,Interior,21/01/2024,320 x 50,3377,6,"R$0,00 ","0,0","0,0"
CAMPANHA INSTITUCIONAL RECIFE,Interior,21/01/2024,728 x 90,1,0,"R$0,00 ","0,0","0,0"
CAMPANHA INSTITUCIONAL RECIFE,Interior,21/01/2024,970 x 250,3,0,"R$0,00 ","0,0","0,0"
CAMPANHA INSTITUCIONAL RECIFE,Interior,21/01/2024,Nativo,29,0,"R$0,00 ","0,0","0,0"
CAMPANHA INSTITUCIONAL RECIFE,Interior,21/01/2024,320 x 50,1458,3,"R$0,00 ","0,0","0,0"
CAMPANHA INSTITUCIONAL RECIFE,Interior,21/01/2024,728 x 90,682,0,"R$0,00 ","0,0","0,0"
CAMPANHA INSTITUCIONAL RECIFE,Interior,21/01/2024,300 x 250,32,0,"R$0,00 ","0,0","0,0"
CAMPANHA INSTITUCIONAL RECIFE,Interior,21/01/2024,320 x 50,1,0,"R$0,00 ","0,0","0,0"
CAMPANHA INSTITUCIONAL RECIFE,Interior,21/01/2024,320 x 50,2,0,"R$0,00 ","0,0","0,0"
CAMPANHA INSTITUCIONAL RECIFE,Interior,21/01/2024,320 x 50,3,0,"R$0,00 ","0,0","0,0"
CAMPANHA INSTITUCIONAL RECIFE,Portal NE10,21/01/2024,300 x 250,59,0,"R$0,00 ","0,0","0,0"
CAMPANHA INSTITUCIONAL RECIFE,Portal NE10,21/01/2024,320 x 50,22,0,"R$0,00 ","0,0","0,0"
CAMPANHA INSTITUCIONAL RECIFE,JC Online,21/01/2024,300 x 250,190,0,"R$0,00 ","0,0","0,0"
CAMPANHA INSTITUCIONAL RECIFE,JC Online,21/01/2024,300 x 600,163,0,"R$0,00 ","0,0","0,0"
CAMPANHA INSTITUCIONAL RECIFE,JC Online,21/01/2024,320 x 50,233,0,"R$0,00 ","0,0","0,0"
CAMPANHA INSTITUCIONAL RECIFE,JC Online,21/01/2024,970 x 250,2,0,"R$0,00 ","0,0","0,0"
CAMPANHA INSTITUCIONAL RECIFE,JC Online,21/01/2024,Nativo,2237,1,"R$0,00 ","0,0","0,0"
CAMPANHA INSTITUCIONAL RECIFE,Jamildo,21/01/2024,320 x 50,2,0,"R$0,00 ","0,0","0,0"
CAMPANHA INSTITUCIONAL RECIFE,Jamildo,21/01/2024,Nativo,199,0,"R$0,00 ","0,0","0,0"
CAMPANHA INSTITUCIONAL RECIFE,JC Online,21/01/2024,300 x 100,3021,5,"R$0,00 ","0,0","0,0"
CAMPANHA INSTITUCIONAL RECIFE,JC Online,21/01/2024,300 x 50,172,0,"R$0,00 ","0,0","0,0"
CAMPANHA INSTITUCIONAL RECIFE,JC Online,21/01/2024,320 x 100,306,0,"R$0,00 ","0,0","0,0"
CAMPANHA INSTITUCIONAL RECIFE,JC Online,21/01/2024,320 x 50,15,0,"R$0,00 ","0,0","0,0"
CAMPANHA INSTITUCIONAL RECIFE,JC Online,21/01/2024,728 x 90,536,0,"R$0,00 ","0,0","0,0"
CAMPANHA INSTITUCIONAL RECIFE,JC Online,21/01/2024,970 x 90,1039,0,"R$0,00 ","0,0","0,0"
CAMPANHA INSTITUCIONAL RECIFE,JC Online,21/01/2024,Nativo,4,0,"R$0,00 ","0,0","0,0"
CAMPANHA INSTITUCIONAL RECIFE,Jamildo,21/01/2024,300 x 250,22,0,"R$0,00 ","0,0","0,0"
CAMPANHA INSTITUCIONAL RECIFE,Jamildo,21/01/2024,300 x 600,7,0,"R$0,00 ","0,0","0,0"
CAMPANHA INSTITUCIONAL RECIFE,Jamildo,21/01/2024,320 x 50,1,0,"R$0,00 ","0,0","0,0"
CAMPANHA INSTITUCIONAL RECIFE,Jamildo,21/01/2024,300 x 100,538,1,"R$0,00 ","0,0","0,0"
CAMPANHA INSTITUCIONAL RECIFE,Jamildo,21/01/2024,300 x 50,30,0,"R$0,00 ","0,0","0,0"
CAMPANHA INSTITUCIONAL RECIFE,Jamildo,21/01/2024,320 x 100,47,0,"R$0,00 ","0,0","0,0"
CAMPANHA INSTITUCIONAL RECIFE,Jamildo,21/01/2024,320 x 50,2,0,"R$0,00 ","0,0","0,0"
CAMPANHA INSTITUCIONAL RECIFE,Jamildo,21/01/2024,728 x 90,68,0,"R$0,00 ","0,0","0,0"
CAMPANHA INSTITUCIONAL RECIFE,Jamildo,21/01/2024,970 x 90,150,0,"R$0,00 ","0,0","0,0"
CAMPANHA INSTITUCIONAL RECIFE,Jamildo,21/01/2024,300 x 250,55,0,"R$0,00 ","0,0","0,0"
CAMPANHA INSTITUCIONAL RECIFE,Portal NE10,21/01/2024,Nativo,12,0,"R$0,00 ","0,0","0,0"
CAMPANHA INSTITUCIONAL RECIFE,Social 1,21/01/2024,300 x 250,119,0,"R$0,00 ","0,0","0,0"
CAMPANHA INSTITUCIONAL RECIFE,Social 1,21/01/2024,300 x 600,1,0,"R$0,00 ","0,0","0,0"
CAMPANHA INSTITUCIONAL RECIFE,Social 1,21/01/2024,320 x 50,8,0,"R$0,00 ","0,0","0,0"
CAMPANHA INSTITUCIONAL RECIFE,Social 1,21/01/2024,Nativo,5074,1,"R$0,00 ","0,0","0,0"
CAMPANHA INSTITUCIONAL RECIFE,Social 1,21/01/2024,1 x 1,11,0,"R$0,00 ","0,0","0,0"
CAMPANHA INSTITUCIONAL RECIFE,Social 1,21/01/2024,300 x 100,4872,11,"R$0,00 ","0,0","0,0"
CAMPANHA INSTITUCIONAL RECIFE,Social 1,21/01/2024,300 x 50,317,0,"R$0,00 ","0,0","0,0"
CAMPANHA INSTITUCIONAL RECIFE,Social 1,21/01/2024,320 x 100,509,1,"R$0,00 ","0,0","0,0"
CAMPANHA INSTITUCIONAL RECIFE,Social 1,21/01/2024,320 x 50,5,0,"R$0,00 ","0,0","0,0"
CAMPANHA INSTITUCIONAL RECIFE,Social 1,21/01/2024,728 x 90,40,1,"R$0,00 ","0,0","0,0"
CAMPANHA INSTITUCIONAL RECIFE,Social 1,21/01/2024,970 x 90,103,0,"R$0,00 ","0,0","0,0"
CAMPANHA INSTITUCIONAL RECIFE,Blog do Torcedor,21/01/2024,300 x 250,149,0,"R$0,00 ","0,0","0,0"
CAMPANHA INSTITUCIONAL RECIFE,Blog do Torcedor,21/01/2024,300 x 600,6,0,"R$0,00 ","0,0","0,0"
CAMPANHA INSTITUCIONAL RECIFE,Blog do Torcedor,21/01/2024,320 x 50,10,0,"R$0,00 ","0,0","0,0"
CAMPANHA INSTITUCIONAL RECIFE,Blog do Torcedor,21/01/2024,Nativo,1410,0,"R$0,00 ","0,0","0,0"
CAMPANHA INSTITUCIONAL RECIFE,Blog do Torcedor,21/01/2024,300 x 100,248,1,"R$0,00 ","0,0","0,0"
CAMPANHA INSTITUCIONAL RECIFE,Blog do Torcedor,21/01/2024,300 x 50,25,0,"R$0,00 ","0,0","0,0"
CAMPANHA INSTITUCIONAL RECIFE,Blog do Torcedor,21/01/2024,320 x 100,21,0,"R$0,00 ","0,0","0,0"
CAMPANHA INSTITUCIONAL RECIFE,Blog do Torcedor,21/01/2024,728 x 90,103,0,"R$0,00 ","0,0","0,0"
CAMPANHA INSTITUCIONAL RECIFE,Blog do Torcedor,21/01/2024,970 x 90,167,0,"R$0,00 ","0,0","0,0"
CAMPANHA INSTITUCIONAL RECIFE,JC Online,21/01/2024,300 x 250,68,0,"R$0,00 ","0,0","0,0"
CAMPANHA INSTITUCIONAL RECIFE,JC Classico,21/01/2024,300 x 250,1,0,"R$0,00 ","0,0","0,0"
CAMPANHA INSTITUCIONAL RECIFE,JC Classico,21/01/2024,970 x 90,2,0,"R$0,00 ","0,0","0,0"
CAMPANHA INSTITUCIONAL RECIFE,JC HTML,21/01/2024,300 x 250,1,0,"R$0,00 ","0,0","0,0"
CAMPANHA INSTITUCIONAL RECIFE,JC HTML,21/01/2024,300 x 500,2012,41,"R$0,00 ","0,0","0,0"
CAMPANHA INSTITUCIONAL RECIFE,Portal NE10,21/01/2024,300 x 250,4804,7,"R$0,00 ","0,0","0,0"
CAMPANHA INSTITUCIONAL RECIFE,Portal NE10,21/01/2024,300 x 600,162,0,"R$0,00 ","0,0","0,0"
CAMPANHA INSTITUCIONAL RECIFE,Portal NE10,21/01/2024,320 x 50,3508,5,"R$0,00 ","0,0","0,0"
CAMPANHA INSTITUCIONAL RECIFE,Portal NE10,21/01/2024,60 x 60,1292,0,"R$0,00 ","0,0","0,0"
CAMPANHA INSTITUCIONAL RECIFE,Portal NE10,21/01/2024,Nativo,755,0,"R$0,00 ","0,0","0,0"
CAMPANHA INSTITUCIONAL RECIFE,Portal NE10,21/01/2024,1 x 1,3,0,"R$0,00 ","0,0","0,0"
CAMPANHA INSTITUCIONAL RECIFE,Portal NE10,21/01/2024,320 x 100,446,3,"R$0,00 ","0,0","0,0"
CAMPANHA INSTITUCIONAL RECIFE,Portal NE10,21/01/2024,320 x 50,355,0,"R$0,00 ","0,0","0,0"
CAMPANHA INSTITUCIONAL RECIFE,Portal NE10,21/01/2024,728 x 90,362,0,"R$0,00 ","0,0","0,0"
CAMPANHA INSTITUCIONAL RECIFE,Portal NE10,21/01/2024,970 x 90,341,0,"R$0,00 ","0,0","0,0"
CAMPANHA INSTITUCIONAL RECIFE,Portal NE10,21/01/2024,300 x 250,10,0,"R$0,00 ","0,0","0,0"
CAMPANHA INSTITUCIONAL RECIFE,Rádio Jornal,21/01/2024,300 x 250,30,0,"R$0,00 ","0,0","0,0"
CAMPANHA INSTITUCIONAL RECIFE,Rádio Jornal,21/01/2024,320 x 50,6,0,"R$0,00 ","0,0","0,0"
CAMPANHA INSTITUCIONAL RECIFE,Rádio Jornal,21/01/2024,Nativo,241,0,"R$0,00 ","0,0","0,0"
CAMPANHA INSTITUCIONAL RECIFE,Rádio Jornal,21/01/2024,300 x 100,724,0,"R$0,00 ","0,0","0,0"
CAMPANHA INSTITUCIONAL RECIFE,Rádio Jornal,21/01/2024,300 x 50,41,0,"R$0,00 ","0,0","0,0"
CAMPANHA INSTITUCIONAL RECIFE,Rádio Jornal,21/01/2024,320 x 100,64,0,"R$0,00 ","0,0","0,0"
CAMPANHA INSTITUCIONAL RECIFE,Rádio Jornal,21/01/2024,728 x 90,40,0,"R$0,00 ","0,0","0,0"
CAMPANHA INSTITUCIONAL RECIFE,Rádio Jornal,21/01/2024,970 x 90,58,0,"R$0,00 ","0,0","0,0"
CAMPANHA INSTITUCIONAL RECIFE,Rádio Jornal,21/01/2024,300 x 100,264,0,"R$0,00 ","0,0","0,0"
CAMPANHA INSTITUCIONAL RECIFE,Rádio Jornal,21/01/2024,300 x 50,18,0,"R$0,00 ","0,0","0,0"
CAMPANHA INSTITUCIONAL RECIFE,Rádio Jornal,21/01/2024,320 x 100,24,0,"R$0,00 ","0,0","0,0"
CAMPANHA INSTITUCIONAL RECIFE,Rádio Jornal,21/01/2024,970 x 90,1,0,"R$0,00 ","0,0","0,0"
CAMPANHA INSTITUCIONAL RECIFE,TV Jornal,21/01/2024,300 x 250,10034,25,"R$0,00 ","0,0","0,0"
CAMPANHA INSTITUCIONAL RECIFE,TV Jornal,21/01/2024,300 x 600,8,0,"R$0,00 ","0,0","0,0"
CAMPANHA INSTITUCIONAL RECIFE,TV Jornal,21/01/2024,320 x 50,2913,1,"R$0,00 ","0,0","0,0"
CAMPANHA INSTITUCIONAL RECIFE,TV Jornal,21/01/2024,Nativo,43,0,"R$0,00 ","0,0","0,0"
CAMPANHA INSTITUCIONAL RECIFE,TV Jornal,21/01/2024,300 x 100,202,1,"R$0,00 ","0,0","0,0"
CAMPANHA INSTITUCIONAL RECIFE,TV Jornal,21/01/2024,300 x 50,18,0,"R$0,00 ","0,0","0,0"
CAMPANHA INSTITUCIONAL RECIFE,TV Jornal,21/01/2024,320 x 100,30,0,"R$0,00 ","0,0","0,0"
CAMPANHA INSTITUCIONAL RECIFE,TV Jornal,21/01/2024,320 x 50,1177,4,"R$0,00 ","0,0","0,0"
CAMPANHA INSTITUCIONAL RECIFE,TV Jornal,21/01/2024,728 x 90,133,0,"R$0,00 ","0,0","0,0"
CAMPANHA INSTITUCIONAL RECIFE,TV Jornal,21/01/2024,970 x 90,136,0,"R$0,00 ","0,0","0,0"
CAMPANHA INSTITUCIONAL RECIFE,TV Jornal,21/01/2024,300 x 250,12,0,"R$0,00 ","0,0","0,0"
CAMPANHA INSTITUCIONAL RECIFE,TV Jornal,21/01/2024,300 x 600,3,0,"R$0,00 ","0,0","0,0"
CAMPANHA INSTITUCIONAL RECIFE,TV Jornal,21/01/2024,320 x 50,1,0,"R$0,00 ","0,0","0,0"
CAMPANHA INSTITUCIONAL RECIFE,TV Jornal,21/01/2024,320 x 50,2,0,"R$0,00 ","0,0","0,0"
CLEVER GESTL LTDA,Portal NE10,21/01/2024,300 x 350,2722,2156,"R$0,00 ","0,0","0,0"
CLEVER GESTL LTDA,JC Online,21/01/2024,300 x 350,18538,15322,"R$0,00 ","0,0","0,0"
CLEVER GESTL LTDA,Social 1,21/01/2024,300 x 350,20367,16424,"R$0,00 ","0,0","0,0"
CLEVER GESTL LTDA,Blog do Torcedor,21/01/2024,300 x 350,992,0,"R$0,00 ","0,0","0,0"
COOPERATIVA DE CREDITO DOS SERV.PUBLI-SICREDI,JC Online,21/01/2024,300 x 250,542,0,"R$0,00 ","0,0","0,0"
COOPERATIVA DE CREDITO DOS SERV.PUBLI-SICREDI,JC Online,21/01/2024,320 x 50,1787,2,"R$0,00 ","0,0","0,0"
COOPERATIVA DE CREDITO DOS SERV.PUBLI-SICREDI,JC Online,21/01/2024,320 x 50,205,1,"R$0,00 ","0,0","0,0"
COOPERATIVA DE CREDITO DOS SERV.PUBLI-SICREDI,JC Classico,21/01/2024,320 x 50,1,0,"R$0,00 ","0,0","0,0"
COOPERATIVA DE CREDITO DOS SERV.PUBLI-SICREDI,JC HTML,21/01/2024,300 x 250,1,0,"R$0,00 ","0,0","0,0"
COOPERATIVA DE CREDITO DOS SERV.PUBLI-SICREDI,JC Online,21/01/2024,320 x 50,1,0,"R$0,00 ","0,0","0,0"
Colégio Saber Viver,JC Online,21/01/2024,300 x 250,1894,5,"R$0,00 ","0,0","0,0"
Colégio Saber Viver,JC Online,21/01/2024,300 x 600,5,0,"R$0,00 ","0,0","0,0"
Colégio Saber Viver,JC Online,21/01/2024,320 x 50,4979,5,"R$0,00 ","0,0","0,0"
Colégio Saber Viver,JC Online,21/01/2024,320 x 50,58,0,"R$0,00 ","0,0","0,0"
Colégio Saber Viver,JC Online,21/01/2024,300 x 250,5,0,"R$0,00 ","0,0","0,0"
Colégio Saber Viver,JC Classico,21/01/2024,300 x 250,5,0,"R$0,00 ","0,0","0,0"
Colégio Saber Viver,JC Classico,21/01/2024,320 x 50,4,0,"R$0,00 ","0,0","0,0"
Colégio Saber Viver,JC HTML,21/01/2024,300 x 250,11,0,"R$0,00 ","0,0","0,0"
Colégio Saber Viver,JC HTML,21/01/2024,320 x 50,46,1,"R$0,00 ","0,0","0,0"
Colégio Saber Viver,JC Online,21/01/2024,320 x 50,1,0,"R$0,00 ","0,0","0,0"
DoubleClick Ad Exchange (AdX),Portal NE10,21/01/2024,110 x 195,1428,9,"R$1,53 ","0,918","1,0714"
DoubleClick Ad Exchange (AdX),Portal NE10,21/01/2024,1 x 1,1,0,"R$0,00 ","0,0","0,0"
DoubleClick Ad Exchange (AdX),Portal NE10,21/01/2024,110 x 195,1165,6,"R$2,14 ","1,284","1,8369"
DoubleClick Ad Exchange (AdX),Portal NE10,21/01/2024,110 x 195,4,0,"R$0,01 ","0,006","2,5"
DoubleClick Ad Exchange (AdX),Portal NE10,21/01/2024,110 x 195,3759,38,"R$20,95 ","12,57","5,5733"
DoubleClick Ad Exchange (AdX),Portal NE10,21/01/2024,110 x 195,94,2,"R$0,04 ","0,024","0,4255"
DoubleClick Ad Exchange (AdX),Portal NE10,21/01/2024,110 x 195,117,1,"R$0,88 ","0,528","7,5214"
DoubleClick Ad Exchange (AdX),Interior,21/01/2024,110 x 195,854,16,"R$7,43 ","4,458","8,7002"
DoubleClick Ad Exchange (AdX),Interior,21/01/2024,480 x 360v,2,0,"R$0,01 ","0,006","5,0"
DoubleClick Ad Exchange (AdX),Interior,21/01/2024,1 x 1,194,1,"R$0,22 ","0,132","1,134"
DoubleClick Ad Exchange (AdX),Interior,21/01/2024,110 x 195,167,0,"R$1,22 ","0,732","7,3054"
DoubleClick Ad Exchange (AdX),Interior,21/01/2024,110 x 195,7,0,"R$0,06 ","0,036","8,5714"
DoubleClick Ad Exchange (AdX),Interior,21/01/2024,640 x 480v,3,0,"R$0,00 ","0,0","0,0"
DoubleClick Ad Exchange (AdX),Interior,21/01/2024,640 x 480v,2,0,"R$0,00 ","0,0","0,0"
DoubleClick Ad Exchange (AdX),Interior,21/01/2024,640 x 480v,1,0,"R$0,00 ","0,0","0,0"
DoubleClick Ad Exchange (AdX),Portal NE10,21/01/2024,110 x 195,4,0,"R$0,04 ","0,024","10,0"
DoubleClick Ad Exchange (AdX),JC Online,21/01/2024,110 x 195,205227,2335,"R$486,37 ","291,822","2,3699"
DoubleClick Ad Exchange (AdX),JC Online,21/01/2024,480 x 360v,2,0,"R$0,01 ","0,006","5,0"
DoubleClick Ad Exchange (AdX),Jamildo,21/01/2024,110 x 195,339932,8478,"R$830,53 ","498,318","2,4432"
DoubleClick Ad Exchange (AdX),JC Online,21/01/2024,1 x 1,27298,201,"R$45,89 ","27,534","1,6811"
DoubleClick Ad Exchange (AdX),JC Online,21/01/2024,110 x 195,22136,120,"R$39,48 ","23,688","1,7835"
DoubleClick Ad Exchange (AdX),Jamildo,21/01/2024,110 x 195,24155,449,"R$57,55 ","34,53","2,3825"
DoubleClick Ad Exchange (AdX),Jamildo,21/01/2024,110 x 195,5729,50,"R$10,91 ","6,546","1,9043"
DoubleClick Ad Exchange (AdX),Jamildo,21/01/2024,110 x 195,842,9,"R$1,39 ","0,834","1,6508"
DoubleClick Ad Exchange (AdX),Portal NE10,21/01/2024,110 x 195,755,7,"R$0,90 ","0,54","1,1921"
DoubleClick Ad Exchange (AdX),Social 1,21/01/2024,110 x 195,658522,3054,"R$701,26 ","420,756","1,0649"
DoubleClick Ad Exchange (AdX),Social 1,21/01/2024,1 x 1,92803,612,"R$132,56 ","79,536","1,4284"
DoubleClick Ad Exchange (AdX),Social 1,21/01/2024,110 x 195,18309,90,"R$49,95 ","29,97","2,7282"
DoubleClick Ad Exchange (AdX),Social 1,21/01/2024,110 x 195,19,0,"R$0,27 ","0,162","14,2105"
DoubleClick Ad Exchange (AdX),Blog do Torcedor,21/01/2024,110 x 195,164469,2165,"R$255,83 ","153,498","1,5555"
DoubleClick Ad Exchange (AdX),Blog do Torcedor,21/01/2024,1 x 1,432,1,"R$1,10 ","0,66","2,5463"
DoubleClick Ad Exchange (AdX),Blog do Torcedor,21/01/2024,110 x 195,4388,27,"R$8,74 ","5,244","1,9918"
DoubleClick Ad Exchange (AdX),Blog do Torcedor,21/01/2024,110 x 195,38,7,"R$0,32 ","0,192","8,4211"
DoubleClick Ad Exchange (AdX),JC Online,21/01/2024,110 x 195,2290,13,"R$4,61 ","2,766","2,0131"
DoubleClick Ad Exchange (AdX),JC Classico,21/01/2024,110 x 195,219,4,"R$1,80 ","1,08","8,2192"
DoubleClick Ad Exchange (AdX),JC Classico,21/01/2024,110 x 195,90,2,"R$0,67 ","0,402","7,4444"
DoubleClick Ad Exchange (AdX),JC HTML,21/01/2024,110 x 195,10274,42,"R$13,18 ","7,908","1,2828"
DoubleClick Ad Exchange (AdX),JC HTML,21/01/2024,110 x 195,82,1,"R$0,82 ","0,492","10,0"
DoubleClick Ad Exchange (AdX),JC Online,21/01/2024,110 x 195,20,0,"R$0,19 ","0,114","9,5"
DoubleClick Ad Exchange (AdX),Portal NE10,21/01/2024,110 x 195,1240,25,"R$9,87 ","5,922","7,9597"
DoubleClick Ad Exchange (AdX),Portal NE10,21/01/2024,110 x 195,72,0,"R$0,40 ","0,24","5,5556"
DoubleClick Ad Exchange (AdX),Portal NE10,21/01/2024,110 x 195,14,0,"R$0,03 ","0,018","2,1429"
DoubleClick Ad Exchange (AdX),Rádio Jornal,21/01/2024,110 x 195,21069,156,"R$27,88 ","16,728","1,3233"
DoubleClick Ad Exchange (AdX),Rádio Jornal,21/01/2024,480 x 360v,103,0,"R$0,12 ","0,072","1,165"
DoubleClick Ad Exchange (AdX),Rádio Jornal,21/01/2024,Nativo,675,1,"R$0,44 ","0,264","0,6519"
DoubleClick Ad Exchange (AdX),Rádio Jornal,21/01/2024,1 x 1,1145,4,"R$2,11 ","1,266","1,8428"
DoubleClick Ad Exchange (AdX),Rádio Jornal,21/01/2024,110 x 195,1633,7,"R$1,69 ","1,014","1,0349"
DoubleClick Ad Exchange (AdX),Rádio Jornal,21/01/2024,110 x 195,135,3,"R$0,23 ","0,138","1,7037"
DoubleClick Ad Exchange (AdX),Rádio Jornal,21/01/2024,110 x 195,243,1,"R$0,17 ","0,102","0,6996"
DoubleClick Ad Exchange (AdX),Rádio Jornal,21/01/2024,110 x 195,124,2,"R$0,16 ","0,096","1,2903"
DoubleClick Ad Exchange (AdX),Rádio Jornal,21/01/2024,110 x 195,14,0,"R$0,04 ","0,024","2,8571"
DoubleClick Ad Exchange (AdX),TV Jornal,21/01/2024,110 x 195,9509,225,"R$46,60 ","27,96","4,9006"
DoubleClick Ad Exchange (AdX),TV Jornal,21/01/2024,640 x 480v,9,0,"R$0,15 ","0,09","16,6667"
DoubleClick Ad Exchange (AdX),TV Jornal,21/01/2024,Nativo,195,0,"R$0,19 ","0,114","0,9744"
DoubleClick Ad Exchange (AdX),TV Jornal,21/01/2024,1 x 1,6167,60,"R$12,14 ","7,284","1,9685"
DoubleClick Ad Exchange (AdX),TV Jornal,21/01/2024,110 x 195,1453,15,"R$3,68 ","2,208","2,5327"
DoubleClick Ad Exchange (AdX),TV Jornal,21/01/2024,110 x 195,98,3,"R$0,87 ","0,522","8,8776"
DoubleClick Ad Exchange (AdX),TV Jornal,21/01/2024,110 x 195,12,0,"R$0,16 ","0,096","13,3333"
DoubleClick Ad Exchange (AdX),Interior,21/01/2024,110 x 195,27,0,"R$0,10 ","0,06","3,7037"
DoubleClick Ad Exchange (AdX),Portal NE10,21/01/2024,480 x 360v,2,0,"R$0,00 ","0,0","0,0"
DoubleClick Ad Exchange (AdX),Portal NE10,21/01/2024,480 x 361v,1,0,"R$0,00 ","0,0","0,0"
DoubleClick Ad Exchange (AdX),Portal NE10,21/01/2024,640 x 480v,189,1,"R$0,29 ","0,174","1,5344"
DoubleClick Ad Exchange (AdX),JC Online,21/01/2024,640 x 480v,1,0,"R$0,00 ","0,0","0,0"
DoubleClick Ad Exchange (AdX),TV Jornal,21/01/2024,480 x 360v,4,0,"R$0,01 ","0,006","2,5"
DoubleClick Ad Exchange (AdX),TV Jornal,21/01/2024,480 x 361v,2,0,"R$0,01 ","0,006","5,0"
DoubleClick Ad Exchange (AdX),TV Jornal,21/01/2024,640 x 480v,292,1,"R$0,91 ","0,546","3,1164"
E-Quadrat Communications GmbH,Portal NE10,21/01/2024,300 x 250,97,0,"R$0,29 ","0,174","2,9897"
E-Quadrat Communications GmbH,Portal NE10,21/01/2024,320 x 50,100,0,"R$0,30 ","0,18","3,0"
E-Quadrat Communications GmbH,Portal NE10,21/01/2024,300 x 50,241,0,"R$0,72 ","0,432","2,9876"
E-Quadrat Communications GmbH,Portal NE10,21/01/2024,320 x 100,325,0,"R$0,97 ","0,582","2,9846"
E-Quadrat Communications GmbH,Portal NE10,21/01/2024,320 x 50,743,2,"R$2,22 ","1,332","2,9879"
E-Quadrat Communications GmbH,Portal NE10,21/01/2024,728 x 90,69,0,"R$0,21 ","0,126","3,0435"
E-Quadrat Communications GmbH,Portal NE10,21/01/2024,970 x 90,28,0,"R$0,08 ","0,048","2,8571"
E-Quadrat Communications GmbH,Portal NE10,21/01/2024,320 x 50,5,0,"R$0,01 ","0,006","2,0"
E-Quadrat Communications GmbH,Interior,21/01/2024,300 x 250,8,0,"R$0,02 ","0,012","2,5"
E-Quadrat Communications GmbH,Interior,21/01/2024,320 x 50,19,0,"R$0,06 ","0,036","3,1579"
E-Quadrat Communications GmbH,Interior,21/01/2024,300 x 50,2,0,"R$0,01 ","0,006","5,0"
E-Quadrat Communications GmbH,Interior,21/01/2024,320 x 100,2,0,"R$0,01 ","0,006","5,0"
E-Quadrat Communications GmbH,Interior,21/01/2024,320 x 50,12,0,"R$0,04 ","0,024","3,3333"
E-Quadrat Communications GmbH,JC Online,21/01/2024,300 x 250,26246,58,"R$78,50 ","47,1","2,9909"
E-Quadrat Communications GmbH,JC Online,21/01/2024,300 x 600,19,0,"R$0,06 ","0,036","3,1579"
E-Quadrat Communications GmbH,JC Online,21/01/2024,320 x 50,39458,47,"R$118,02 ","70,812","2,991"
E-Quadrat Communications GmbH,Jamildo,21/01/2024,300 x 250,28463,56,"R$85,13 ","51,078","2,9909"
E-Quadrat Communications GmbH,Jamildo,21/01/2024,320 x 50,73710,103,"R$220,47 ","132,282","2,991"
E-Quadrat Communications GmbH,JC Online,21/01/2024,300 x 50,4961,4,"R$14,84 ","8,904","2,9913"
E-Quadrat Communications GmbH,JC Online,21/01/2024,320 x 100,6806,14,"R$20,36 ","12,216","2,9915"
E-Quadrat Communications GmbH,JC Online,21/01/2024,320 x 50,3093,5,"R$9,25 ","5,55","2,9906"
E-Quadrat Communications GmbH,JC Online,21/01/2024,728 x 90,450,2,"R$1,35 ","0,81","3,0"
E-Quadrat Communications GmbH,JC Online,21/01/2024,970 x 90,148,0,"R$0,44 ","0,264","2,973"
E-Quadrat Communications GmbH,Jamildo,21/01/2024,300 x 250,1146,1,"R$3,43 ","2,058","2,993"
E-Quadrat Communications GmbH,Jamildo,21/01/2024,300 x 600,9,0,"R$0,03 ","0,018","3,3333"
E-Quadrat Communications GmbH,Jamildo,21/01/2024,320 x 50,2774,5,"R$8,30 ","4,98","2,9921"
E-Quadrat Communications GmbH,Jamildo,21/01/2024,300 x 50,1396,2,"R$4,18 ","2,508","2,9943"
E-Quadrat Communications GmbH,Jamildo,21/01/2024,320 x 100,2013,4,"R$6,02 ","3,612","2,9906"
E-Quadrat Communications GmbH,Jamildo,21/01/2024,320 x 50,2847,4,"R$8,52 ","5,112","2,9926"
E-Quadrat Communications GmbH,Jamildo,21/01/2024,728 x 90,82,0,"R$0,25 ","0,15","3,0488"
E-Quadrat Communications GmbH,Jamildo,21/01/2024,970 x 90,29,0,"R$0,09 ","0,054","3,1034"
E-Quadrat Communications GmbH,Jamildo,21/01/2024,300 x 250,70,0,"R$0,21 ","0,126","3,0"
E-Quadrat Communications GmbH,Portal NE10,21/01/2024,300 x 250,24,0,"R$0,07 ","0,042","2,9167"
E-Quadrat Communications GmbH,Portal NE10,21/01/2024,320 x 50,25,0,"R$0,07 ","0,042","2,8"
E-Quadrat Communications GmbH,Social 1,21/01/2024,300 x 250,41132,68,"R$123,03 ","73,818","2,9911"
E-Quadrat Communications GmbH,Social 1,21/01/2024,300 x 600,4,0,"R$0,01 ","0,006","2,5"
E-Quadrat Communications GmbH,Social 1,21/01/2024,320 x 50,79814,77,"R$238,72 ","143,232","2,991"
E-Quadrat Communications GmbH,Social 1,21/01/2024,300 x 50,8779,8,"R$26,26 ","15,756","2,9912"
E-Quadrat Communications GmbH,Social 1,21/01/2024,320 x 100,8861,20,"R$26,50 ","15,9","2,9906"
E-Quadrat Communications GmbH,Social 1,21/01/2024,320 x 50,12147,12,"R$36,33 ","21,798","2,9909"
E-Quadrat Communications GmbH,Social 1,21/01/2024,728 x 90,22,0,"R$0,07 ","0,042","3,1818"
E-Quadrat Communications GmbH,Social 1,21/01/2024,970 x 90,8,0,"R$0,02 ","0,012","2,5"
E-Quadrat Communications GmbH,Social 1,21/01/2024,320 x 50,3,0,"R$0,01 ","0,006","3,3333"
E-Quadrat Communications GmbH,Blog do Torcedor,21/01/2024,300 x 250,5314,21,"R$15,89 ","9,534","2,9902"
E-Quadrat Communications GmbH,Blog do Torcedor,21/01/2024,300 x 600,1,0,"R$0,00 ","0,0","0,0"
E-Quadrat Communications GmbH,Blog do Torcedor,21/01/2024,320 x 50,14861,20,"R$44,45 ","26,67","2,9911"
E-Quadrat Communications GmbH,Blog do Torcedor,21/01/2024,300 x 50,749,4,"R$2,24 ","1,344","2,9907"
E-Quadrat Communications GmbH,Blog do Torcedor,21/01/2024,320 x 100,1113,1,"R$3,33 ","1,998","2,9919"
E-Quadrat Communications GmbH,Blog do Torcedor,21/01/2024,320 x 50,2438,2,"R$7,29 ","4,374","2,9902"
E-Quadrat Communications GmbH,Blog do Torcedor,21/01/2024,728 x 90,220,2,"R$0,66 ","0,396","3,0"
E-Quadrat Communications GmbH,Blog do Torcedor,21/01/2024,970 x 90,60,0,"R$0,18 ","0,108","3,0"
E-Quadrat Communications GmbH,JC Online,21/01/2024,300 x 250,80,0,"R$0,24 ","0,144","3,0"
E-Quadrat Communications GmbH,JC Classico,21/01/2024,300 x 250,47,0,"R$0,14 ","0,084","2,9787"
E-Quadrat Communications GmbH,JC Classico,21/01/2024,320 x 50,135,1,"R$0,40 ","0,24","2,963"
E-Quadrat Communications GmbH,JC Classico,21/01/2024,300 x 50,17,0,"R$0,05 ","0,03","2,9412"
E-Quadrat Communications GmbH,JC Classico,21/01/2024,320 x 100,23,0,"R$0,07 ","0,042","3,0435"
E-Quadrat Communications GmbH,JC Classico,21/01/2024,320 x 50,10,0,"R$0,03 ","0,018","3,0"
E-Quadrat Communications GmbH,JC Classico,21/01/2024,728 x 90,4,0,"R$0,01 ","0,006","2,5"
E-Quadrat Communications GmbH,JC Classico,21/01/2024,970 x 90,3,0,"R$0,01 ","0,006","3,3333"
E-Quadrat Communications GmbH,JC HTML,21/01/2024,300 x 250,83,0,"R$0,25 ","0,15","3,012"
E-Quadrat Communications GmbH,JC HTML,21/01/2024,320 x 50,419,0,"R$1,25 ","0,75","2,9833"
E-Quadrat Communications GmbH,JC HTML,21/01/2024,320 x 100,3,0,"R$0,01 ","0,006","3,3333"
E-Quadrat Communications GmbH,JC HTML,21/01/2024,320 x 50,4,0,"R$0,01 ","0,006","2,5"
E-Quadrat Communications GmbH,JC HTML,21/01/2024,728 x 90,1,0,"R$0,00 ","0,0","0,0"
E-Quadrat Communications GmbH,JC HTML,21/01/2024,970 x 90,1,0,"R$0,00 ","0,0","0,0"
E-Quadrat Communications GmbH,Portal NE10,21/01/2024,300 x 250,5,0,"R$0,01 ","0,006","2,0"
E-Quadrat Communications GmbH,Portal NE10,21/01/2024,320 x 50,28,0,"R$0,08 ","0,048","2,8571"
E-Quadrat Communications GmbH,Portal NE10,21/01/2024,300 x 50,2,0,"R$0,01 ","0,006","5,0"
E-Quadrat Communications GmbH,Portal NE10,21/01/2024,320 x 100,7,0,"R$0,02 ","0,012","2,8571"
E-Quadrat Communications GmbH,Portal NE10,21/01/2024,320 x 50,11,0,"R$0,03 ","0,018","2,7273"
E-Quadrat Communications GmbH,Portal NE10,21/01/2024,728 x 90,3,0,"R$0,01 ","0,006","3,3333"
E-Quadrat Communications GmbH,Portal NE10,21/01/2024,970 x 90,2,0,"R$0,01 ","0,006","5,0"
E-Quadrat Communications GmbH,Rádio Jornal,21/01/2024,300 x 250,2885,7,"R$8,63 ","5,178","2,9913"
E-Quadrat Communications GmbH,Rádio Jornal,21/01/2024,320 x 50,3269,6,"R$9,78 ","5,868","2,9917"
E-Quadrat Communications GmbH,Rádio Jornal,21/01/2024,300 x 50,328,0,"R$0,98 ","0,588","2,9878"
E-Quadrat Communications GmbH,Rádio Jornal,21/01/2024,320 x 100,438,1,"R$1,31 ","0,786","2,9909"
E-Quadrat Communications GmbH,Rádio Jornal,21/01/2024,320 x 50,152,0,"R$0,45 ","0,27","2,9605"
E-Quadrat Communications GmbH,Rádio Jornal,21/01/2024,728 x 90,18,0,"R$0,05 ","0,03","2,7778"
E-Quadrat Communications GmbH,Rádio Jornal,21/01/2024,970 x 90,4,0,"R$0,01 ","0,006","2,5"
E-Quadrat Communications GmbH,Rádio Jornal,21/01/2024,300 x 600,1,0,"R$0,00 ","0,0","0,0"
E-Quadrat Communications GmbH,Rádio Jornal,21/01/2024,320 x 50,94,0,"R$0,28 ","0,168","2,9787"
E-Quadrat Communications GmbH,Rádio Jornal,21/01/2024,300 x 50,23,0,"R$0,07 ","0,042","3,0435"
E-Quadrat Communications GmbH,Rádio Jornal,21/01/2024,320 x 100,67,0,"R$0,20 ","0,12","2,9851"
E-Quadrat Communications GmbH,Rádio Jornal,21/01/2024,320 x 50,16,0,"R$0,05 ","0,03","3,125"
E-Quadrat Communications GmbH,Rádio Jornal,21/01/2024,728 x 90,1,0,"R$0,00 ","0,0","0,0"
E-Quadrat Communications GmbH,Rádio Jornal,21/01/2024,300 x 250,40,1,"R$0,12 ","0,072","3,0"
E-Quadrat Communications GmbH,Rádio Jornal,21/01/2024,320 x 50,1,0,"R$0,00 ","0,0","0,0"
E-Quadrat Communications GmbH,TV Jornal,21/01/2024,300 x 250,657,4,"R$1,97 ","1,182","2,9985"
E-Quadrat Communications GmbH,TV Jornal,21/01/2024,320 x 50,874,3,"R$2,61 ","1,566","2,9863"
E-Quadrat Communications GmbH,TV Jornal,21/01/2024,300 x 50,50,0,"R$0,15 ","0,09","3,0"
E-Quadrat Communications GmbH,TV Jornal,21/01/2024,320 x 100,78,0,"R$0,23 ","0,138","2,9487"
E-Quadrat Communications GmbH,TV Jornal,21/01/2024,320 x 50,144,1,"R$0,43 ","0,258","2,9861"
E-Quadrat Communications GmbH,TV Jornal,21/01/2024,728 x 90,25,0,"R$0,07 ","0,042","2,8"
E-Quadrat Communications GmbH,TV Jornal,21/01/2024,970 x 90,6,0,"R$0,02 ","0,012","3,3333"
E-Quadrat Communications GmbH,Interior,21/01/2024,300 x 600,1,0,"R$0,00 ","0,0","0,0"
E-Quadrat Communications GmbH,Interior,21/01/2024,320 x 50,6,0,"R$0,02 ","0,012","3,3333"
EMPRESA DE TURISMO DE PERNAMBUCO,Portal NE10,21/01/2024,480 x 360v,340,0,"R$0,00 ","0,0","0,0"
EMPRESA DE TURISMO DE PERNAMBUCO,Interior,21/01/2024,480 x 360v,27,0,"R$0,00 ","0,0","0,0"
EMPRESA DE TURISMO DE PERNAMBUCO,Interior,21/01/2024,480 x 360v,93,1,"R$0,00 ","0,0","0,0"
EMPRESA DE TURISMO DE PERNAMBUCO,Jamildo,21/01/2024,300 x 250,6998,11,"R$0,00 ","0,0","0,0"
EMPRESA DE TURISMO DE PERNAMBUCO,Jamildo,21/01/2024,300 x 250,21,0,"R$0,00 ","0,0","0,0"
EMPRESA DE TURISMO DE PERNAMBUCO,Jamildo,21/01/2024,300 x 250,14,0,"R$0,00 ","0,0","0,0"
EMPRESA DE TURISMO DE PERNAMBUCO,Jamildo,21/01/2024,480 x 360v,463,1,"R$0,00 ","0,0","0,0"
EMPRESA DE TURISMO DE PERNAMBUCO,Portal NE10,21/01/2024,480 x 360v,2,0,"R$0,00 ","0,0","0,0"
EMPRESA DE TURISMO DE PERNAMBUCO,Social 1,21/01/2024,300 x 250,6669,12,"R$0,00 ","0,0","0,0"
EMPRESA DE TURISMO DE PERNAMBUCO,Social 1,21/01/2024,480 x 360v,1,0,"R$0,00 ","0,0","0,0"
EMPRESA DE TURISMO DE PERNAMBUCO,Social 1,21/01/2024,480 x 360v,1074,9,"R$0,00 ","0,0","0,0"
EMPRESA DE TURISMO DE PERNAMBUCO,Blog do Torcedor,21/01/2024,480 x 360v,46,1,"R$0,00 ","0,0","0,0"
EMPRESA DE TURISMO DE PERNAMBUCO,JC Online,21/01/2024,480 x 360v,4,0,"R$0,00 ","0,0","0,0"
EMPRESA DE TURISMO DE PERNAMBUCO,JC Online,21/01/2024,480 x 360v,2666,8,"R$0,00 ","0,0","0,0"
EMPRESA DE TURISMO DE PERNAMBUCO,Portal NE10,21/01/2024,480 x 360v,1,0,"R$0,00 ","0,0","0,0"
EMPRESA DE TURISMO DE PERNAMBUCO,TV Jornal,21/01/2024,480 x 360v,16,0,"R$0,00 ","0,0","0,0"
EMPRESA DE TURISMO DE PERNAMBUCO,TV Jornal,21/01/2024,480 x 360v,29,0,"R$0,00 ","0,0","0,0"
FORD MOTOR COMPANY BRASIL LTDA / 0004-73,Portal NE10,21/01/2024,300 x 250,6,0,"R$0,06 ","0,036","10,0"
FORD MOTOR COMPANY BRASIL LTDA / 0004-73,Portal NE10,21/01/2024,320 x 50,1,0,"R$0,01 ","0,006","10,0"
FORD MOTOR COMPANY BRASIL LTDA / 0004-73,Interior,21/01/2024,320 x 50,2,0,"R$0,02 ","0,012","10,0"
FORD MOTOR COMPANY BRASIL LTDA / 0004-73,JC Online,21/01/2024,300 x 250,3602,3,"R$34,22 ","20,532","9,5003"
FORD MOTOR COMPANY BRASIL LTDA / 0004-73,JC Online,21/01/2024,320 x 50,5238,6,"R$49,76 ","29,856","9,4998"
FORD MOTOR COMPANY BRASIL LTDA / 0004-73,Jamildo,21/01/2024,300 x 250,1196,1,"R$11,36 ","6,816","9,4983"
FORD MOTOR COMPANY BRASIL LTDA / 0004-73,Jamildo,21/01/2024,320 x 50,1238,1,"R$11,76 ","7,056","9,4992"
FORD MOTOR COMPANY BRASIL LTDA / 0004-73,Social 1,21/01/2024,300 x 250,6758,3,"R$64,20 ","38,52","9,4999"
FORD MOTOR COMPANY BRASIL LTDA / 0004-73,Social 1,21/01/2024,320 x 50,5960,6,"R$56,62 ","33,972","9,5"
FORD MOTOR COMPANY BRASIL LTDA / 0004-73,Blog do Torcedor,21/01/2024,300 x 250,433,0,"R$4,11 ","2,466","9,4919"
FORD MOTOR COMPANY BRASIL LTDA / 0004-73,Blog do Torcedor,21/01/2024,320 x 50,1390,2,"R$13,21 ","7,926","9,5036"
FORD MOTOR COMPANY BRASIL LTDA / 0004-73,Rádio Jornal,21/01/2024,300 x 250,225,1,"R$2,14 ","1,284","9,5111"
FORD MOTOR COMPANY BRASIL LTDA / 0004-73,Rádio Jornal,21/01/2024,320 x 50,114,1,"R$1,08 ","0,648","9,4737"
FORD MOTOR COMPANY BRASIL LTDA / 0004-73,TV Jornal,21/01/2024,300 x 250,47,0,"R$0,45 ","0,27","9,5745"
FORD MOTOR COMPANY BRASIL LTDA / 0004-73,TV Jornal,21/01/2024,320 x 50,22,0,"R$0,21 ","0,126","9,5455"
Folia da Sorte,JC Online,21/01/2024,300 x 250,2,0,"R$0,00 ","0,0","0,0"
Folia da Sorte,JC Online,21/01/2024,320 x 50,2,0,"R$0,00 ","0,0","0,0"
Folia da Sorte,JC Online,21/01/2024,320 x 50,6,0,"R$0,00 ","0,0","0,0"
Folia da Sorte,Social 1,21/01/2024,320 x 50,3,0,"R$0,00 ","0,0","0,0"
GGE,Portal NE10,21/01/2024,300 x 250,3071,3,"R$0,00 ","0,0","0,0"
GGE,Portal NE10,21/01/2024,300 x 250,228,0,"R$0,00 ","0,0","0,0"
GGE,Portal NE10,21/01/2024,300 x 250,1820,2,"R$0,00 ","0,0","0,0"
GGE,Portal NE10,21/01/2024,320 x 50,224,0,"R$0,00 ","0,0","0,0"
GGE,Portal NE10,21/01/2024,970 x 250,121,1,"R$0,00 ","0,0","0,0"
GGE,Portal NE10,21/01/2024,300 x 250,81,0,"R$0,00 ","0,0","0,0"
General Motors do Brasil Ltda /0001-50,Portal NE10,21/01/2024,300 x 250,1,0,"R$0,00 ","0,0","0,0"
General Motors do Brasil Ltda /0001-50,JC Online,21/01/2024,300 x 250,1,0,"R$0,00 ","0,0","0,0"
Hyundai Motor Brasil Montadora de Automóveis/0002-23,Portal NE10,21/01/2024,300 x 250,3,0,"R$0,01 ","0,006","3,3333"
Hyundai Motor Brasil Montadora de Automóveis/0002-23,Interior,21/01/2024,300 x 250,3,0,"R$0,01 ","0,006","3,3333"
Hyundai Motor Brasil Montadora de Automóveis/0002-23,JC Online,21/01/2024,300 x 250,5329,9,"R$19,41 ","11,646","3,6423"
Hyundai Motor Brasil Montadora de Automóveis/0002-23,Jamildo,21/01/2024,300 x 250,16778,20,"R$61,12 ","36,672","3,6429"
Hyundai Motor Brasil Montadora de Automóveis/0002-23,Jamildo,21/01/2024,300 x 250,55,0,"R$0,20 ","0,12","3,6364"
Hyundai Motor Brasil Montadora de Automóveis/0002-23,Social 1,21/01/2024,300 x 250,5377,10,"R$19,59 ","11,754","3,6433"
Hyundai Motor Brasil Montadora de Automóveis/0002-23,Blog do Torcedor,21/01/2024,300 x 250,82,0,"R$0,30 ","0,18","3,6585"
Hyundai Motor Brasil Montadora de Automóveis/0002-23,JC HTML,21/01/2024,300 x 250,8,0,"R$0,03 ","0,018","3,75"
Hyundai Motor Brasil Montadora de Automóveis/0002-23,Portal NE10,21/01/2024,300 x 250,3,0,"R$0,01 ","0,006","3,3333"
Hyundai Motor Brasil Montadora de Automóveis/0002-23,Rádio Jornal,21/01/2024,300 x 250,340,0,"R$1,24 ","0,744","3,6471"
Hyundai Motor Brasil Montadora de Automóveis/0002-23,TV Jornal,21/01/2024,300 x 250,937,4,"R$3,41 ","2,046","3,6393"
Index Exchange,Portal NE10,21/01/2024,1 x 1,10,0,"R$0,01 ","0,006","1,0"
Index Exchange,Portal NE10,21/01/2024,1 x 1,11,0,"R$0,02 ","0,012","1,8182"
Index Exchange,Portal NE10,21/01/2024,1 x 1,9,0,"R$0,04 ","0,024","4,4444"
Index Exchange,JC Online,21/01/2024,1 x 1,14,0,"R$0,06 ","0,036","4,2857"
Index Exchange,JC Online,21/01/2024,1 x 1,465,0,"R$0,72 ","0,432","1,5484"
Index Exchange,Jamildo,21/01/2024,1 x 1,128,0,"R$0,28 ","0,168","2,1875"
Index Exchange,Jamildo,21/01/2024,1 x 1,39,0,"R$0,20 ","0,12","5,1282"
Index Exchange,Social 1,21/01/2024,1 x 1,87,0,"R$0,35 ","0,21","4,023"
Index Exchange,Social 1,21/01/2024,1 x 1,39,0,"R$0,05 ","0,03","1,2821"
Index Exchange,Blog do Torcedor,21/01/2024,1 x 1,62,0,"R$0,28 ","0,168","4,5161"
Index Exchange,Blog do Torcedor,21/01/2024,1 x 1,71,0,"R$0,11 ","0,066","1,5493"
Index Exchange,JC Online,21/01/2024,1 x 1,178,0,"R$0,76 ","0,456","4,2697"
Index Exchange,JC Classico,21/01/2024,1 x 1,1,0,"R$0,00 ","0,0","0,0"
Index Exchange,JC HTML,21/01/2024,1 x 1,1,0,"R$0,00 ","0,0","0,0"
Index Exchange,Portal NE10,21/01/2024,1 x 1,1,0,"R$0,01 ","0,006","10,0"
Index Exchange,Rádio Jornal,21/01/2024,1 x 1,37,0,"R$0,06 ","0,036","1,6216"
Index Exchange,Rádio Jornal,21/01/2024,1 x 1,7,0,"R$0,01 ","0,006","1,4286"
Index Exchange,Rádio Jornal,21/01/2024,1 x 1,1,0,"R$0,00 ","0,0","0,0"
Index Exchange,Rádio Jornal,21/01/2024,1 x 1,10,0,"R$0,00 ","0,0","0,0"
Index Exchange,Rádio Jornal,21/01/2024,1 x 1,2,0,"R$0,00 ","0,0","0,0"
Index Exchange,TV Jornal,21/01/2024,1 x 1,2,0,"R$0,02 ","0,012","10,0"
Index Exchange,TV Jornal,21/01/2024,1 x 1,13,0,"R$0,02 ","0,012","1,5385"
Index Exchange,TV Jornal,21/01/2024,1 x 1,1,0,"R$0,00 ","0,0","0,0"
JAGUAR E LAND ROVER BRASIL INDUSTRIA E COMERCIO DE VEICULOS LTDA / 0001-47,Portal NE10,21/01/2024,300 x 250,5,0,"R$0,07 ","0,042","14,0"
JAGUAR E LAND ROVER BRASIL INDUSTRIA E COMERCIO DE VEICULOS LTDA / 0001-47,Portal NE10,21/01/2024,320 x 50,1,0,"R$0,01 ","0,006","10,0"
JAGUAR E LAND ROVER BRASIL INDUSTRIA E COMERCIO DE VEICULOS LTDA / 0001-47,JC Online,21/01/2024,300 x 250,117,0,"R$1,52 ","0,912","12,9915"
JAGUAR E LAND ROVER BRASIL INDUSTRIA E COMERCIO DE VEICULOS LTDA / 0001-47,JC Online,21/01/2024,320 x 50,377,0,"R$4,52 ","2,712","11,9894"
JAGUAR E LAND ROVER BRASIL INDUSTRIA E COMERCIO DE VEICULOS LTDA / 0001-47,Jamildo,21/01/2024,300 x 250,5137,5,"R$68,99 ","41,394","13,43"
JAGUAR E LAND ROVER BRASIL INDUSTRIA E COMERCIO DE VEICULOS LTDA / 0001-47,Jamildo,21/01/2024,320 x 50,9502,14,"R$114,02 ","68,412","11,9996"
JAGUAR E LAND ROVER BRASIL INDUSTRIA E COMERCIO DE VEICULOS LTDA / 0001-47,Jamildo,21/01/2024,300 x 250,5,0,"R$0,06 ","0,036","12,0"
JAGUAR E LAND ROVER BRASIL INDUSTRIA E COMERCIO DE VEICULOS LTDA / 0001-47,Jamildo,21/01/2024,320 x 50,28,0,"R$0,34 ","0,204","12,1429"
JAGUAR E LAND ROVER BRASIL INDUSTRIA E COMERCIO DE VEICULOS LTDA / 0001-47,Social 1,21/01/2024,300 x 250,205,0,"R$2,64 ","1,584","12,878"
JAGUAR E LAND ROVER BRASIL INDUSTRIA E COMERCIO DE VEICULOS LTDA / 0001-47,Social 1,21/01/2024,320 x 50,438,0,"R$5,26 ","3,156","12,0091"
JAGUAR E LAND ROVER BRASIL INDUSTRIA E COMERCIO DE VEICULOS LTDA / 0001-47,Social 1,21/01/2024,320 x 50,3,0,"R$0,04 ","0,024","13,3333"
JAGUAR E LAND ROVER BRASIL INDUSTRIA E COMERCIO DE VEICULOS LTDA / 0001-47,Blog do Torcedor,21/01/2024,300 x 250,8,0,"R$0,10 ","0,06","12,5"
JAGUAR E LAND ROVER BRASIL INDUSTRIA E COMERCIO DE VEICULOS LTDA / 0001-47,Blog do Torcedor,21/01/2024,320 x 50,25,0,"R$0,30 ","0,18","12,0"
JAGUAR E LAND ROVER BRASIL INDUSTRIA E COMERCIO DE VEICULOS LTDA / 0001-47,JC Classico,21/01/2024,320 x 50,1,0,"R$0,01 ","0,006","10,0"
JAGUAR E LAND ROVER BRASIL INDUSTRIA E COMERCIO DE VEICULOS LTDA / 0001-47,JC HTML,21/01/2024,320 x 50,1,0,"R$0,01 ","0,006","10,0"
JAGUAR E LAND ROVER BRASIL INDUSTRIA E COMERCIO DE VEICULOS LTDA / 0001-47,JC Online,21/01/2024,320 x 50,2,0,"R$0,02 ","0,012","10,0"
JAGUAR E LAND ROVER BRASIL INDUSTRIA E COMERCIO DE VEICULOS LTDA / 0001-47,Portal NE10,21/01/2024,320 x 50,3,0,"R$0,04 ","0,024","13,3333"
JAGUAR E LAND ROVER BRASIL INDUSTRIA E COMERCIO DE VEICULOS LTDA / 0001-47,Rádio Jornal,21/01/2024,300 x 250,21,0,"R$0,29 ","0,174","13,8095"
JAGUAR E LAND ROVER BRASIL INDUSTRIA E COMERCIO DE VEICULOS LTDA / 0001-47,Rádio Jornal,21/01/2024,320 x 50,3,0,"R$0,04 ","0,024","13,3333"
JAGUAR E LAND ROVER BRASIL INDUSTRIA E COMERCIO DE VEICULOS LTDA / 0001-47,TV Jornal,21/01/2024,300 x 250,65,0,"R$0,84 ","0,504","12,9231"
JAGUAR E LAND ROVER BRASIL INDUSTRIA E COMERCIO DE VEICULOS LTDA / 0001-47,TV Jornal,21/01/2024,320 x 50,3,0,"R$0,04 ","0,024","13,3333"
MINEIRA DA SORTE LOTERIA SPE LTDA/0002-93,Portal NE10,21/01/2024,300 x 250,9,0,"R$0,05 ","0,03","5,5556"
MINEIRA DA SORTE LOTERIA SPE LTDA/0002-93,Interior,21/01/2024,300 x 250,2,0,"R$0,01 ","0,006","5,0"
MINEIRA DA SORTE LOTERIA SPE LTDA/0002-93,JC Online,21/01/2024,300 x 250,1689,8,"R$10,26 ","6,156","6,0746"
MINEIRA DA SORTE LOTERIA SPE LTDA/0002-93,Jamildo,21/01/2024,300 x 250,3870,7,"R$23,50 ","14,1","6,0724"
MINEIRA DA SORTE LOTERIA SPE LTDA/0002-93,Jamildo,21/01/2024,300 x 250,122,0,"R$0,74 ","0,444","6,0656"
MINEIRA DA SORTE LOTERIA SPE LTDA/0002-93,Portal NE10,21/01/2024,300 x 250,1,0,"R$0,01 ","0,006","10,0"
MINEIRA DA SORTE LOTERIA SPE LTDA/0002-93,Social 1,21/01/2024,300 x 250,5773,16,"R$35,05 ","21,03","6,0714"
MINEIRA DA SORTE LOTERIA SPE LTDA/0002-93,Blog do Torcedor,21/01/2024,300 x 250,225,1,"R$1,37 ","0,822","6,0889"
MINEIRA DA SORTE LOTERIA SPE LTDA/0002-93,JC Classico,21/01/2024,300 x 250,1,0,"R$0,01 ","0,006","10,0"
MINEIRA DA SORTE LOTERIA SPE LTDA/0002-93,Rádio Jornal,21/01/2024,300 x 250,174,2,"R$1,06 ","0,636","6,092"
MINEIRA DA SORTE LOTERIA SPE LTDA/0002-93,TV Jornal,21/01/2024,300 x 250,177,0,"R$1,07 ","0,642","6,0452"
MUNICÍPIO DE JABOATÃO,Portal NE10,21/01/2024,970 x 250,18,0,"R$0,00 ","0,0","0,0"
MUNICÍPIO DE JABOATÃO,Portal NE10,21/01/2024,970 x 250,2,0,"R$0,00 ","0,0","0,0"
MUNICÍPIO DE JABOATÃO,Portal NE10,21/01/2024,970 x 250,1748,0,"R$0,00 ","0,0","0,0"
MUNICÍPIO DE JABOATÃO,Interior,21/01/2024,970 x 250,31,0,"R$0,00 ","0,0","0,0"
MUNICÍPIO DE JABOATÃO,Portal NE10,21/01/2024,970 x 250,1,0,"R$0,00 ","0,0","0,0"
MUNICÍPIO DE JABOATÃO,JC Online,21/01/2024,970 x 250,2774,2,"R$0,00 ","0,0","0,0"
MUNICÍPIO DE JABOATÃO,Social 1,21/01/2024,728 x 90,1,0,"R$0,00 ","0,0","0,0"
MUNICÍPIO DE JABOATÃO,Social 1,21/01/2024,970 x 250,107,0,"R$0,00 ","0,0","0,0"
MUNICÍPIO DE JABOATÃO,Social 1,21/01/2024,728 x 90,4327,4,"R$0,00 ","0,0","0,0"
MUNICÍPIO DE JABOATÃO,Blog do Torcedor,21/01/2024,970 x 250,78,0,"R$0,00 ","0,0","0,0"
MUNICÍPIO DE JABOATÃO,JC Classico,21/01/2024,970 x 250,1,0,"R$0,00 ","0,0","0,0"
MUNICÍPIO DE JABOATÃO,JC HTML,21/01/2024,970 x 250,4,0,"R$0,00 ","0,0","0,0"
MUNICÍPIO DE JABOATÃO,Portal NE10,21/01/2024,970 x 250,34,0,"R$0,00 ","0,0","0,0"
MUNICÍPIO DE JABOATÃO,Rádio Jornal,21/01/2024,970 x 250,4,0,"R$0,00 ","0,0","0,0"
MUNICÍPIO DE JABOATÃO,TV Jornal,21/01/2024,970 x 250,8,0,"R$0,00 ","0,0","0,0"
PAGSEGURO INTERNET LTDA / 000101,Portal NE10,21/01/2024,300 x 250,51,0,"R$0,12 ","0,072","2,3529"
PAGSEGURO INTERNET LTDA / 000101,Portal NE10,21/01/2024,480 x 361v,1,0,"R$0,02 ","0,012","20,0"
PAGSEGURO INTERNET LTDA / 000101,Portal NE10,21/01/2024,480 x 360v,89,1,"R$1,78 ","1,068","20,0"
PAGSEGURO INTERNET LTDA / 000101,Interior,21/01/2024,300 x 250,8,0,"R$0,02 ","0,012","2,5"
PAGSEGURO INTERNET LTDA / 000101,Interior,21/01/2024,640 x 480v,42,1,"R$0,84 ","0,504","20,0"
PAGSEGURO INTERNET LTDA / 000101,Interior,21/01/2024,640 x 480v,11,0,"R$0,22 ","0,132","20,0"
PAGSEGURO INTERNET LTDA / 000101,Interior,21/01/2024,640 x 480v,1,0,"R$0,02 ","0,012","20,0"
PAGSEGURO INTERNET LTDA / 000101,Interior,21/01/2024,640 x 480v,1,0,"R$0,02 ","0,012","20,0"
PAGSEGURO INTERNET LTDA / 000101,JC Online,21/01/2024,300 x 250,2762,5,"R$6,71 ","4,026","2,4294"
PAGSEGURO INTERNET LTDA / 000101,Jamildo,21/01/2024,300 x 250,2292,4,"R$5,57 ","3,342","2,4302"
PAGSEGURO INTERNET LTDA / 000101,Jamildo,21/01/2024,300 x 250,128,1,"R$0,31 ","0,186","2,4219"
PAGSEGURO INTERNET LTDA / 000101,Jamildo,21/01/2024,300 x 100,1,0,"R$0,00 ","0,0","0,0"
PAGSEGURO INTERNET LTDA / 000101,Portal NE10,21/01/2024,300 x 250,6,0,"R$0,01 ","0,006","1,6667"
PAGSEGURO INTERNET LTDA / 000101,Social 1,21/01/2024,300 x 250,47435,69,"R$115,27 ","69,162","2,4301"
PAGSEGURO INTERNET LTDA / 000101,Blog do Torcedor,21/01/2024,300 x 250,870,1,"R$2,11 ","1,266","2,4253"
PAGSEGURO INTERNET LTDA / 000101,JC Online,21/01/2024,480 x 360v,7,0,"R$0,14 ","0,084","20,0"
PAGSEGURO INTERNET LTDA / 000101,JC Classico,21/01/2024,300 x 250,26,0,"R$0,06 ","0,036","2,3077"
PAGSEGURO INTERNET LTDA / 000101,JC HTML,21/01/2024,300 x 250,17,0,"R$0,04 ","0,024","2,3529"
PAGSEGURO INTERNET LTDA / 000101,Portal NE10,21/01/2024,300 x 250,8,0,"R$0,02 ","0,012","2,5"
PAGSEGURO INTERNET LTDA / 000101,Rádio Jornal,21/01/2024,300 x 250,1935,5,"R$4,70 ","2,82","2,4289"
PAGSEGURO INTERNET LTDA / 000101,Rádio Jornal,21/01/2024,480 x 360v,20,0,"R$0,40 ","0,24","20,0"
PAGSEGURO INTERNET LTDA / 000101,TV Jornal,21/01/2024,300 x 250,1240,2,"R$3,01 ","1,806","2,4274"
PAGSEGURO INTERNET LTDA / 000101,TV Jornal,21/01/2024,480 x 361v,2,0,"R$0,04 ","0,024","20,0"
PHSR MASTER FRANQUIA LTDA / 0001-15,Portal NE10,21/01/2024,300 x 250,1,0,"R$0,01 ","0,006","10,0"
PHSR MASTER FRANQUIA LTDA / 0001-15,JC Online,21/01/2024,300 x 250,218,0,"R$1,53 ","0,918","7,0183"
PHSR MASTER FRANQUIA LTDA / 0001-15,Jamildo,21/01/2024,300 x 250,368,2,"R$2,59 ","1,554","7,038"
PHSR MASTER FRANQUIA LTDA / 0001-15,Portal NE10,21/01/2024,300 x 250,2,0,"R$0,01 ","0,006","5,0"
PHSR MASTER FRANQUIA LTDA / 0001-15,Social 1,21/01/2024,300 x 250,572,1,"R$4,03 ","2,418","7,0455"
PHSR MASTER FRANQUIA LTDA / 0001-15,Blog do Torcedor,21/01/2024,300 x 250,40,0,"R$0,28 ","0,168","7,0"
PHSR MASTER FRANQUIA LTDA / 0001-15,Portal NE10,21/01/2024,300 x 250,1,0,"R$0,01 ","0,006","10,0"
PHSR MASTER FRANQUIA LTDA / 0001-15,Rádio Jornal,21/01/2024,300 x 250,212,1,"R$1,49 ","0,894","7,0283"
PHSR MASTER FRANQUIA LTDA / 0001-15,TV Jornal,21/01/2024,300 x 250,180,0,"R$1,27 ","0,762","7,0556"
PICPAY INSTITUICAO DE PAGAMENTO S/A/0001-10,Portal NE10,21/01/2024,300 x 250,4,0,"R$0,02 ","0,012","5,0"
PICPAY INSTITUICAO DE PAGAMENTO S/A/0001-10,Portal NE10,21/01/2024,480 x 360v,1,0,"R$0,03 ","0,018","30,0"
PICPAY INSTITUICAO DE PAGAMENTO S/A/0001-10,JC Online,21/01/2024,300 x 250,1519,0,"R$7,22 ","4,332","4,7531"
PICPAY INSTITUICAO DE PAGAMENTO S/A/0001-10,JC Online,21/01/2024,300 x 250v,12,0,"R$0,41 ","0,246","34,1667"
PICPAY INSTITUICAO DE PAGAMENTO S/A/0001-10,Jamildo,21/01/2024,300 x 250,23,0,"R$0,11 ","0,066","4,7826"
PICPAY INSTITUICAO DE PAGAMENTO S/A/0001-10,Jamildo,21/01/2024,300 x 250v,15,0,"R$0,51 ","0,306","34,0"
PICPAY INSTITUICAO DE PAGAMENTO S/A/0001-10,Jamildo,21/01/2024,300 x 250,32,0,"R$0,15 ","0,09","4,6875"
PICPAY INSTITUICAO DE PAGAMENTO S/A/0001-10,Jamildo,21/01/2024,300 x 250v,3,0,"R$0,10 ","0,06","33,3333"
PICPAY INSTITUICAO DE PAGAMENTO S/A/0001-10,Social 1,21/01/2024,300 x 250,546,1,"R$2,59 ","1,554","4,7436"
PICPAY INSTITUICAO DE PAGAMENTO S/A/0001-10,Social 1,21/01/2024,300 x 250v,73,0,"R$2,48 ","1,488","33,9726"
PICPAY INSTITUICAO DE PAGAMENTO S/A/0001-10,Blog do Torcedor,21/01/2024,300 x 250,4,0,"R$0,02 ","0,012","5,0"
PICPAY INSTITUICAO DE PAGAMENTO S/A/0001-10,Blog do Torcedor,21/01/2024,300 x 250v,2,0,"R$0,07 ","0,042","35,0"
PICPAY INSTITUICAO DE PAGAMENTO S/A/0001-10,JC Online,21/01/2024,480 x 360v,1,0,"R$0,03 ","0,018","30,0"
PICPAY INSTITUICAO DE PAGAMENTO S/A/0001-10,JC HTML,21/01/2024,300 x 250,5,0,"R$0,02 ","0,012","4,0"
PICPAY INSTITUICAO DE PAGAMENTO S/A/0001-10,JC HTML,21/01/2024,300 x 250v,1,0,"R$0,03 ","0,018","30,0"
PICPAY INSTITUICAO DE PAGAMENTO S/A/0001-10,Rádio Jornal,21/01/2024,300 x 250,107,0,"R$0,51 ","0,306","4,7664"
PICPAY INSTITUICAO DE PAGAMENTO S/A/0001-10,Rádio Jornal,21/01/2024,300 x 250v,1,0,"R$0,03 ","0,018","30,0"
PICPAY INSTITUICAO DE PAGAMENTO S/A/0001-10,TV Jornal,21/01/2024,300 x 250,41,0,"R$0,19 ","0,114","4,6341"
PICPAY INSTITUICAO DE PAGAMENTO S/A/0001-10,TV Jornal,21/01/2024,300 x 250v,1,0,"R$0,03 ","0,018","30,0"
PREFEITURA DE CARUARU,Portal NE10,21/01/2024,970 x 250,34,0,"R$0,00 ","0,0","0,0"
PREFEITURA DE CARUARU,parceiros (10869286) » ne_10 (11238766) » educacao (22500047431),21/01/2024,970 x 250,1,0,"R$0,00 ","0,0","0,0"
PREFEITURA DE CARUARU,Portal NE10,21/01/2024,970 x 250,8,0,"R$0,00 ","0,0","0,0"
PREFEITURA DE CARUARU,Interior,21/01/2024,970 x 250,72,0,"R$0,00 ","0,0","0,0"
PREFEITURA DE CARUARU,Portal NE10,21/01/2024,970 x 250,1,0,"R$0,00 ","0,0","0,0"
PREFEITURA DE CARUARU,JC Online,21/01/2024,970 x 250,2783,1,"R$0,00 ","0,0","0,0"
PREFEITURA DE CARUARU,Social 1,21/01/2024,970 x 250,165,0,"R$0,00 ","0,0","0,0"
PREFEITURA DE CARUARU,Blog do Torcedor,21/01/2024,970 x 250,815,0,"R$0,00 ","0,0","0,0"
PREFEITURA DE CARUARU,JC Classico,21/01/2024,970 x 250,2,0,"R$0,00 ","0,0","0,0"
PREFEITURA DE CARUARU,Portal NE10,21/01/2024,970 x 250,45,0,"R$0,00 ","0,0","0,0"
PREFEITURA DE CARUARU,Rádio Jornal,21/01/2024,970 x 250,52,0,"R$0,00 ","0,0","0,0"
PREFEITURA DE CARUARU,TV Jornal,21/01/2024,970 x 250,155,0,"R$0,00 ","0,0","0,0"
SECRETARIA DE COMUNICACAO,Portal NE10,21/01/2024,480 x 360v,675,10,"R$0,00 ","0,0","0,0"
SECRETARIA DE COMUNICACAO,Interior,21/01/2024,300 x 250,236,3,"R$0,00 ","0,0","0,0"
SECRETARIA DE COMUNICACAO,Interior,21/01/2024,300 x 250,2,0,"R$0,00 ","0,0","0,0"
SECRETARIA DE COMUNICACAO,JC Online,21/01/2024,300 x 250,3735,4,"R$0,00 ","0,0","0,0"
SECRETARIA DE COMUNICACAO,JC Online,21/01/2024,480 x 360v,18,0,"R$0,00 ","0,0","0,0"
SECRETARIA DE COMUNICACAO,JC Online,21/01/2024,970 x 250,1184,2,"R$0,00 ","0,0","0,0"
SECRETARIA DE COMUNICACAO,Jamildo,21/01/2024,300 x 250,9684,37,"R$0,00 ","0,0","0,0"
SECRETARIA DE COMUNICACAO,Jamildo,21/01/2024,480 x 360v,1,0,"R$0,00 ","0,0","0,0"
SECRETARIA DE COMUNICACAO,Jamildo,21/01/2024,300 x 250,3026,15,"R$0,00 ","0,0","0,0"
SECRETARIA DE COMUNICACAO,Jamildo,21/01/2024,970 x 250,1877,4,"R$0,00 ","0,0","0,0"
SECRETARIA DE COMUNICACAO,Jamildo,21/01/2024,300 x 250,146,1,"R$0,00 ","0,0","0,0"
SECRETARIA DE COMUNICACAO,Jamildo,21/01/2024,480 x 360v,2993,20,"R$0,00 ","0,0","0,0"
SECRETARIA DE COMUNICACAO,Portal NE10,21/01/2024,480 x 360v,4,0,"R$0,00 ","0,0","0,0"
SECRETARIA DE COMUNICACAO,Portal NE10,21/01/2024,300 x 250,7,0,"R$0,00 ","0,0","0,0"
SECRETARIA DE COMUNICACAO,Social 1,21/01/2024,300 x 250,9180,9,"R$0,00 ","0,0","0,0"
SECRETARIA DE COMUNICACAO,Social 1,21/01/2024,480 x 360v,1,0,"R$0,00 ","0,0","0,0"
SECRETARIA DE COMUNICACAO,Social 1,21/01/2024,970 x 250,733,2,"R$0,00 ","0,0","0,0"
SECRETARIA DE COMUNICACAO,Social 1,21/01/2024,480 x 360v,9482,136,"R$0,00 ","0,0","0,0"
SECRETARIA DE COMUNICACAO,Blog do Torcedor,21/01/2024,300 x 250,2804,9,"R$0,00 ","0,0","0,0"
SECRETARIA DE COMUNICACAO,Blog do Torcedor,21/01/2024,480 x 360v,4,0,"R$0,00 ","0,0","0,0"
SECRETARIA DE COMUNICACAO,Blog do Torcedor,21/01/2024,970 x 250,188,0,"R$0,00 ","0,0","0,0"
SECRETARIA DE COMUNICACAO,Blog do Torcedor,21/01/2024,480 x 360v,2598,20,"R$0,00 ","0,0","0,0"
SECRETARIA DE COMUNICACAO,JC Online,21/01/2024,480 x 360v,6,0,"R$0,00 ","0,0","0,0"
SECRETARIA DE COMUNICACAO,JC Online,21/01/2024,480 x 360v,6375,84,"R$0,00 ","0,0","0,0"
SECRETARIA DE COMUNICACAO,JC Online,21/01/2024,300 x 250,16,0,"R$0,00 ","0,0","0,0"
SECRETARIA DE COMUNICACAO,JC Classico,21/01/2024,300 x 250,1,0,"R$0,00 ","0,0","0,0"
SECRETARIA DE COMUNICACAO,JC Classico,21/01/2024,970 x 250,6,0,"R$0,00 ","0,0","0,0"
SECRETARIA DE COMUNICACAO,JC HTML,21/01/2024,300 x 250,19,0,"R$0,00 ","0,0","0,0"
SECRETARIA DE COMUNICACAO,JC HTML,21/01/2024,970 x 250,8,0,"R$0,00 ","0,0","0,0"
SECRETARIA DE COMUNICACAO,Portal NE10,21/01/2024,480 x 360v,11,0,"R$0,00 ","0,0","0,0"
SECRETARIA DE COMUNICACAO,Portal NE10,21/01/2024,480 x 360v,63,0,"R$0,00 ","0,0","0,0"
SECRETARIA DE COMUNICACAO,Rádio Jornal,21/01/2024,970 x 250,98,0,"R$0,00 ","0,0","0,0"
SECRETARIA DE COMUNICACAO,TV Jornal,21/01/2024,480 x 360v,138,2,"R$0,00 ","0,0","0,0"
SECRETARIA DE COMUNICACAO,TV Jornal,21/01/2024,970 x 250,71,0,"R$0,00 ","0,0","0,0"
SECRETARIA DE COMUNICACAO,TV Jornal,21/01/2024,480 x 360v,504,5,"R$0,00 ","0,0","0,0"
SERVENG TRANSPORTES LTDA/0001-03,Portal NE10,21/01/2024,300 x 250,4,0,"R$0,02 ","0,012","5,0"
SERVENG TRANSPORTES LTDA/0001-03,JC Online,21/01/2024,300 x 250,32,0,"R$0,19 ","0,114","5,9375"
SERVENG TRANSPORTES LTDA/0001-03,Jamildo,21/01/2024,300 x 250,24,0,"R$0,15 ","0,09","6,25"
SERVENG TRANSPORTES LTDA/0001-03,Social 1,21/01/2024,300 x 250,303,0,"R$1,84 ","1,104","6,0726"
SERVENG TRANSPORTES LTDA/0001-03,Blog do Torcedor,21/01/2024,300 x 250,18,0,"R$0,11 ","0,066","6,1111"
SERVENG TRANSPORTES LTDA/0001-03,Rádio Jornal,21/01/2024,300 x 250,13,0,"R$0,08 ","0,048","6,1538"
SERVENG TRANSPORTES LTDA/0001-03,TV Jornal,21/01/2024,300 x 250,5,0,"R$0,03 ","0,018","6,0"
SPAL INDUSTRIA BRASILEIRA DE BEBIDAS S/A/0001-93,Portal NE10,21/01/2024,320 x 50,2,0,"R$0,01 ","0,006","5,0"
SPAL INDUSTRIA BRASILEIRA DE BEBIDAS S/A/0001-93,JC Online,21/01/2024,320 x 50,112,0,"R$0,37 ","0,222","3,3036"
SPAL INDUSTRIA BRASILEIRA DE BEBIDAS S/A/0001-93,Jamildo,21/01/2024,300 x 250,2,0,"R$0,01 ","0,006","5,0"
SPAL INDUSTRIA BRASILEIRA DE BEBIDAS S/A/0001-93,Jamildo,21/01/2024,320 x 50,623,1,"R$2,04 ","1,224","3,2745"
SPAL INDUSTRIA BRASILEIRA DE BEBIDAS S/A/0001-93,Jamildo,21/01/2024,320 x 50,17,0,"R$0,06 ","0,036","3,5294"
SPAL INDUSTRIA BRASILEIRA DE BEBIDAS S/A/0001-93,Social 1,21/01/2024,300 x 250,1,0,"R$0,00 ","0,0","0,0"
SPAL INDUSTRIA BRASILEIRA DE BEBIDAS S/A/0001-93,Social 1,21/01/2024,320 x 50,1383,1,"R$4,53 ","2,718","3,2755"
SPAL INDUSTRIA BRASILEIRA DE BEBIDAS S/A/0001-93,Blog do Torcedor,21/01/2024,320 x 50,515,1,"R$1,69 ","1,014","3,2816"
SPAL INDUSTRIA BRASILEIRA DE BEBIDAS S/A/0001-93,Rádio Jornal,21/01/2024,320 x 50,15,0,"R$0,05 ","0,03","3,3333"
SPAL INDUSTRIA BRASILEIRA DE BEBIDAS S/A/0001-93,TV Jornal,21/01/2024,320 x 50,7,0,"R$0,02 ","0,012","2,8571"
SUBSECRETARIA DE ASS.ADM.DO MINIST.DA CIDADANIA,JC Online,21/01/2024,300 x 250,18208,0,"R$0,00 ","0,0","0,0"
SUBSECRETARIA DE ASS.ADM.DO MINIST.DA CIDADANIA,JC Online,21/01/2024,970 x 250,78,0,"R$0,00 ","0,0","0,0"
SUBSECRETARIA DE ASS.ADM.DO MINIST.DA CIDADANIA,Jamildo,21/01/2024,970 x 250,5,0,"R$0,00 ","0,0","0,0"
SUBSECRETARIA DE ASS.ADM.DO MINIST.DA CIDADANIA,Blog do Torcedor,21/01/2024,970 x 250,1,0,"R$0,00 ","0,0","0,0"
SUBSECRETARIA DE ASS.ADM.DO MINIST.DA CIDADANIA,JC Online,21/01/2024,300 x 250,1664,0,"R$0,00 ","0,0","0,0"
SUBSECRETARIA DE ASS.ADM.DO MINIST.DA CIDADANIA,JC Classico,21/01/2024,300 x 250,65,0,"R$0,00 ","0,0","0,0"
SUBSECRETARIA DE ASS.ADM.DO MINIST.DA CIDADANIA,JC HTML,21/01/2024,300 x 250,640,0,"R$0,00 ","0,0","0,0"
SUBSECRETARIA DE ASSUNTOS ADMINISTRATIVOS DO MINISTERIO DA CIDADANIA / 0004-54,Portal NE10,21/01/2024,480 x 360v,1,0,"R$0,09 ","0,054","90,0"
SUBSECRETARIA DE ASSUNTOS ADMINISTRATIVOS DO MINISTERIO DA CIDADANIA / 0004-54,Social 1,21/01/2024,480 x 360v,7,0,"R$0,63 ","0,378","90,0"
SUBSECRETARIA DE ASSUNTOS ADMINISTRATIVOS DO MINISTERIO DA CIDADANIA / 0004-54,Blog do Torcedor,21/01/2024,480 x 360v,2,0,"R$0,18 ","0,108","90,0"
SUBSECRETARIA DE ASSUNTOS ADMINISTRATIVOS DO MINISTERIO DA CIDADANIA / 0004-54,JC Online,21/01/2024,480 x 360v,13,0,"R$1,16 ","0,696","89,2308"
Seedtag,Portal NE10,21/01/2024,1 x 1,19,0,"R$0,02 ","0,012","1,0526"
Seedtag,Portal NE10,21/01/2024,1 x 1,107,0,"R$0,27 ","0,162","2,5234"
Seedtag,Portal NE10,21/01/2024,480 x 360v,39,0,"R$0,07 ","0,042","1,7949"
Seedtag,Interior,21/01/2024,1 x 1,1,0,"R$0,00 ","0,0","0,0"
Seedtag,JC Online,21/01/2024,1 x 1,123,0,"R$0,18 ","0,108","1,4634"
Seedtag,JC Online,21/01/2024,1 x 1,10825,0,"R$22,60 ","13,56","2,0878"
Seedtag,Jamildo,21/01/2024,1 x 1,1,0,"R$0,00 ","0,0","0,0"
Seedtag,Jamildo,21/01/2024,1 x 1,3017,0,"R$7,53 ","4,518","2,4959"
Seedtag,Jamildo,21/01/2024,1 x 1,146,0,"R$0,22 ","0,132","1,5068"
Seedtag,Jamildo,21/01/2024,480 x 360v,5,1,"R$0,03 ","0,018","6,0"
Seedtag,Social 1,21/01/2024,1 x 1,83,0,"R$0,10 ","0,06","1,2048"
Seedtag,Social 1,21/01/2024,1 x 1,2851,0,"R$6,94 ","4,164","2,4342"
Seedtag,Social 1,21/01/2024,480 x 360v,24,0,"R$0,16 ","0,096","6,6667"
Seedtag,Blog do Torcedor,21/01/2024,1 x 1,242,0,"R$0,38 ","0,228","1,5702"
Seedtag,Blog do Torcedor,21/01/2024,1 x 1,2294,0,"R$5,02 ","3,012","2,1883"
Seedtag,JC Online,21/01/2024,480 x 360v,4,0,"R$0,02 ","0,012","5,0"
Seedtag,JC Online,21/01/2024,1 x 1,591,0,"R$0,88 ","0,528","1,489"
Seedtag,JC Classico,21/01/2024,1 x 1,9,0,"R$0,01 ","0,006","1,1111"
Seedtag,JC Classico,21/01/2024,1 x 1,6,0,"R$0,01 ","0,006","1,6667"
Seedtag,JC HTML,21/01/2024,1 x 1,2,0,"R$0,01 ","0,006","5,0"
Seedtag,Portal NE10,21/01/2024,1 x 1,1,0,"R$0,01 ","0,006","10,0"
Seedtag,Rádio Jornal,21/01/2024,1 x 1,23,0,"R$0,02 ","0,012","0,8696"
Seedtag,Rádio Jornal,21/01/2024,1 x 1,293,0,"R$0,33 ","0,198","1,1263"
Seedtag,Rádio Jornal,21/01/2024,1 x 1,2,0,"R$0,00 ","0,0","0,0"
Seedtag,Rádio Jornal,21/01/2024,1 x 1,83,0,"R$0,03 ","0,018","0,3614"
Seedtag,Rádio Jornal,21/01/2024,480 x 360v,26,0,"R$0,05 ","0,03","1,9231"
Seedtag,Rádio Jornal,21/01/2024,1 x 1,2,0,"R$0,00 ","0,0","0,0"
Seedtag,TV Jornal,21/01/2024,1 x 1,100,0,"R$0,22 ","0,132","2,2"
SmartAdserver,Portal NE10,21/01/2024,1 x 1,30,0,"R$0,11 ","0,066","3,6667"
SmartAdserver,Portal NE10,21/01/2024,1 x 1,117,0,"R$0,46 ","0,276","3,9316"
SmartAdserver,Portal NE10,21/01/2024,1 x 1,4,0,"R$0,02 ","0,012","5,0"
SmartAdserver,Portal NE10,21/01/2024,480 x 360v,1,0,"R$0,01 ","0,006","10,0"
SmartAdserver,Portal NE10,21/01/2024,1 x 1,20,0,"R$0,11 ","0,066","5,5"
SmartAdserver,Portal NE10,21/01/2024,480 x 360v,57,1,"R$0,15 ","0,09","2,6316"
SmartAdserver,Interior,21/01/2024,1 x 1,2,0,"R$0,01 ","0,006","5,0"
SmartAdserver,Interior,21/01/2024,1 x 1,15,0,"R$0,13 ","0,078","8,6667"
SmartAdserver,Portal NE10,21/01/2024,1 x 1,1,0,"R$0,01 ","0,006","10,0"
SmartAdserver,JC Online,21/01/2024,1 x 1,58,0,"R$0,22 ","0,132","3,7931"
SmartAdserver,JC Online,21/01/2024,1 x 1,2173,0,"R$6,90 ","4,14","3,1753"
SmartAdserver,Jamildo,21/01/2024,1 x 1,544,0,"R$1,93 ","1,158","3,5478"
SmartAdserver,Jamildo,21/01/2024,1 x 1,84,0,"R$0,26 ","0,156","3,0952"
SmartAdserver,Jamildo,21/01/2024,480 x 360v,1,0,"R$0,02 ","0,012","20,0"
SmartAdserver,Social 1,21/01/2024,1 x 1,157,0,"R$0,55 ","0,33","3,5032"
SmartAdserver,Social 1,21/01/2024,1 x 1,1621,0,"R$5,94 ","3,564","3,6644"
SmartAdserver,Social 1,21/01/2024,480 x 360v,20,0,"R$0,14 ","0,084","7,0"
SmartAdserver,Blog do Torcedor,21/01/2024,1 x 1,134,0,"R$0,39 ","0,234","2,9104"
SmartAdserver,Blog do Torcedor,21/01/2024,1 x 1,427,0,"R$1,40 ","0,84","3,2787"
SmartAdserver,Blog do Torcedor,21/01/2024,480 x 360v,12,0,"R$0,05 ","0,03","4,1667"
SmartAdserver,JC Online,21/01/2024,480 x 360v,24,0,"R$0,14 ","0,084","5,8333"
SmartAdserver,JC Online,21/01/2024,1 x 1,330,0,"R$1,15 ","0,69","3,4848"
SmartAdserver,JC Classico,21/01/2024,1 x 1,2,0,"R$0,01 ","0,006","5,0"
SmartAdserver,JC Classico,21/01/2024,1 x 1,8,0,"R$0,03 ","0,018","3,75"
SmartAdserver,JC HTML,21/01/2024,1 x 1,1,0,"R$0,01 ","0,006","10,0"
SmartAdserver,Portal NE10,21/01/2024,1 x 1,6,0,"R$0,03 ","0,018","5,0"
SmartAdserver,Rádio Jornal,21/01/2024,1 x 1,121,0,"R$0,38 ","0,228","3,1405"
SmartAdserver,Rádio Jornal,21/01/2024,1 x 1,171,0,"R$0,57 ","0,342","3,3333"
SmartAdserver,Rádio Jornal,21/01/2024,1 x 1,1,0,"R$0,00 ","0,0","0,0"
SmartAdserver,Rádio Jornal,21/01/2024,1 x 1,4,0,"R$0,01 ","0,006","2,5"
SmartAdserver,Rádio Jornal,21/01/2024,480 x 360v,12,1,"R$0,03 ","0,018","2,5"
SmartAdserver,Rádio Jornal,21/01/2024,1 x 1,10,0,"R$0,03 ","0,018","3,0"
SmartAdserver,TV Jornal,21/01/2024,1 x 1,4,0,"R$0,03 ","0,018","7,5"
SmartAdserver,TV Jornal,21/01/2024,1 x 1,305,0,"R$1,14 ","0,684","3,7377"
SmartAdserver,TV Jornal,21/01/2024,1 x 1,6,0,"R$0,02 ","0,012","3,3333"
SmartAdserver,TV Jornal,21/01/2024,480 x 360v,1,0,"R$0,00 ","0,0","0,0"
TAM LINHAS AEREAS S/A / 0001-60,Portal NE10,21/01/2024,300 x 250,20,0,"R$0,12 ","0,072","6,0"
TAM LINHAS AEREAS S/A / 0001-60,Portal NE10,21/01/2024,320 x 50,8,0,"R$0,05 ","0,03","6,25"
TAM LINHAS AEREAS S/A / 0001-60,Portal NE10,21/01/2024,320 x 50,16,0,"R$0,10 ","0,06","6,25"
TAM LINHAS AEREAS S/A / 0001-60,Interior,21/01/2024,320 x 50,1,0,"R$0,01 ","0,006","10,0"
TAM LINHAS AEREAS S/A / 0001-60,JC Online,21/01/2024,300 x 250,2164,8,"R$13,14 ","7,884","6,0721"
TAM LINHAS AEREAS S/A / 0001-60,JC Online,21/01/2024,300 x 600,19,0,"R$0,12 ","0,072","6,3158"
TAM LINHAS AEREAS S/A / 0001-60,JC Online,21/01/2024,320 x 50,2387,5,"R$14,49 ","8,694","6,0704"
TAM LINHAS AEREAS S/A / 0001-60,Jamildo,21/01/2024,300 x 250,2171,3,"R$13,18 ","7,908","6,0709"
TAM LINHAS AEREAS S/A / 0001-60,Jamildo,21/01/2024,320 x 50,4224,6,"R$25,65 ","15,39","6,0724"
TAM LINHAS AEREAS S/A / 0001-60,Jamildo,21/01/2024,300 x 250,289,1,"R$1,75 ","1,05","6,0554"
TAM LINHAS AEREAS S/A / 0001-60,Jamildo,21/01/2024,300 x 600,6,0,"R$0,04 ","0,024","6,6667"
TAM LINHAS AEREAS S/A / 0001-60,Jamildo,21/01/2024,320 x 50,174,0,"R$1,06 ","0,636","6,092"
TAM LINHAS AEREAS S/A / 0001-60,Portal NE10,21/01/2024,300 x 250,11,0,"R$0,07 ","0,042","6,3636"
TAM LINHAS AEREAS S/A / 0001-60,Portal NE10,21/01/2024,320 x 50,6,0,"R$0,04 ","0,024","6,6667"
TAM LINHAS AEREAS S/A / 0001-60,Social 1,21/01/2024,300 x 250,5593,10,"R$33,96 ","20,376","6,0719"
TAM LINHAS AEREAS S/A / 0001-60,Social 1,21/01/2024,300 x 600,3,0,"R$0,02 ","0,012","6,6667"
TAM LINHAS AEREAS S/A / 0001-60,Social 1,21/01/2024,320 x 50,5086,7,"R$30,88 ","18,528","6,0716"
TAM LINHAS AEREAS S/A / 0001-60,Blog do Torcedor,21/01/2024,300 x 250,1309,4,"R$7,95 ","4,77","6,0733"
TAM LINHAS AEREAS S/A / 0001-60,Blog do Torcedor,21/01/2024,320 x 50,1966,3,"R$11,94 ","7,164","6,0732"
TAM LINHAS AEREAS S/A / 0001-60,JC Classico,21/01/2024,300 x 250,2,0,"R$0,01 ","0,006","5,0"
TAM LINHAS AEREAS S/A / 0001-60,JC Classico,21/01/2024,320 x 50,4,0,"R$0,02 ","0,012","5,0"
TAM LINHAS AEREAS S/A / 0001-60,JC HTML,21/01/2024,300 x 250,90,0,"R$0,55 ","0,33","6,1111"
TAM LINHAS AEREAS S/A / 0001-60,JC HTML,21/01/2024,320 x 50,84,1,"R$0,51 ","0,306","6,0714"
TAM LINHAS AEREAS S/A / 0001-60,JC Online,21/01/2024,320 x 50,2,0,"R$0,01 ","0,006","5,0"
TAM LINHAS AEREAS S/A / 0001-60,Portal NE10,21/01/2024,320 x 50,5,0,"R$0,03 ","0,018","6,0"
TAM LINHAS AEREAS S/A / 0001-60,Rádio Jornal,21/01/2024,300 x 250,355,0,"R$2,16 ","1,296","6,0845"
TAM LINHAS AEREAS S/A / 0001-60,Rádio Jornal,21/01/2024,300 x 600,1,0,"R$0,01 ","0,006","10,0"
TAM LINHAS AEREAS S/A / 0001-60,Rádio Jornal,21/01/2024,320 x 50,201,0,"R$1,22 ","0,732","6,0697"
TAM LINHAS AEREAS S/A / 0001-60,Rádio Jornal,21/01/2024,320 x 50,6,0,"R$0,04 ","0,024","6,6667"
TAM LINHAS AEREAS S/A / 0001-60,Rádio Jornal,21/01/2024,320 x 50,1,0,"R$0,01 ","0,006","10,0"
TAM LINHAS AEREAS S/A / 0001-60,TV Jornal,21/01/2024,320 x 50,137,0,"R$0,83 ","0,498","6,0584"
TAM LINHAS AEREAS S/A / 0001-60,TV Jornal,21/01/2024,300 x 600,1,0,"R$0,01 ","0,006","10,0"
TAM LINHAS AEREAS S/A / 0001-60,TV Jornal,21/01/2024,320 x 50,1,0,"R$0,01 ","0,006","10,0"
TAM LINHAS AEREAS S/A / 0001-60,Interior,21/01/2024,320 x 50,2,0,"R$0,01 ","0,006","5,0"
The Rubicon Project,Portal NE10,21/01/2024,1 x 1,36,0,"R$0,07 ","0,042","1,9444"
The Rubicon Project,Portal NE10,21/01/2024,1 x 1,290,0,"R$0,62 ","0,372","2,1379"
The Rubicon Project,Portal NE10,21/01/2024,1 x 1,2,0,"R$0,01 ","0,006","5,0"
The Rubicon Project,Portal NE10,21/01/2024,1 x 1,1,0,"R$0,00 ","0,0","0,0"
The Rubicon Project,Interior,21/01/2024,1 x 1,2,0,"R$0,03 ","0,018","15,0"
The Rubicon Project,JC Online,21/01/2024,1 x 1,60,0,"R$0,09 ","0,054","1,5"
The Rubicon Project,Jamildo,21/01/2024,1 x 1,1,0,"R$0,00 ","0,0","0,0"
The Rubicon Project,JC Online,21/01/2024,1 x 1,5996,0,"R$11,58 ","6,948","1,9313"
The Rubicon Project,Jamildo,21/01/2024,1 x 1,1337,0,"R$3,14 ","1,884","2,3485"
The Rubicon Project,Jamildo,21/01/2024,1 x 1,15,0,"R$0,03 ","0,018","2,0"
The Rubicon Project,Social 1,21/01/2024,1 x 1,74,0,"R$0,26 ","0,156","3,5135"
The Rubicon Project,Social 1,21/01/2024,1 x 1,1582,0,"R$4,58 ","2,748","2,8951"
The Rubicon Project,Blog do Torcedor,21/01/2024,1 x 1,18,0,"R$0,05 ","0,03","2,7778"
The Rubicon Project,Blog do Torcedor,21/01/2024,1 x 1,1333,0,"R$2,33 ","1,398","1,7479"
The Rubicon Project,JC Online,21/01/2024,1 x 1,27,0,"R$0,08 ","0,048","2,963"
The Rubicon Project,JC Classico,21/01/2024,1 x 1,2,0,"R$0,00 ","0,0","0,0"
The Rubicon Project,JC Classico,21/01/2024,1 x 1,39,0,"R$0,09 ","0,054","2,3077"
The Rubicon Project,JC HTML,21/01/2024,1 x 1,11,0,"R$0,02 ","0,012","1,8182"
The Rubicon Project,Rádio Jornal,21/01/2024,1 x 1,115,0,"R$0,26 ","0,156","2,2609"
The Rubicon Project,Rádio Jornal,21/01/2024,1 x 1,208,0,"R$0,34 ","0,204","1,6346"
The Rubicon Project,Rádio Jornal,21/01/2024,1 x 1,1,0,"R$0,00 ","0,0","0,0"
The Rubicon Project,Rádio Jornal,21/01/2024,1 x 1,8,0,"R$0,01 ","0,006","1,25"
The Rubicon Project,Rádio Jornal,21/01/2024,1 x 1,1,0,"R$0,00 ","0,0","0,0"
The Rubicon Project,TV Jornal,21/01/2024,1 x 1,5,0,"R$0,02 ","0,012","4,0"
The Rubicon Project,TV Jornal,21/01/2024,1 x 1,221,0,"R$0,57 ","0,342","2,5792"
The Rubicon Project,TV Jornal,21/01/2024,1 x 1,3,0,"R$0,01 ","0,006","3,3333"
UNICAP,Portal NE10,21/01/2024,970 x 250,99,0,"R$0,00 ","0,0","0,0"
UNICAP,Portal NE10,21/01/2024,970 x 250,1,0,"R$0,00 ","0,0","0,0"
UNICAP,Portal NE10,21/01/2024,970 x 250,141,0,"R$0,00 ","0,0","0,0"
UNICAP,Interior,21/01/2024,970 x 250,67,0,"R$0,00 ","0,0","0,0"
UNICAP,Interior,21/01/2024,970 x 250,1,0,"R$0,00 ","0,0","0,0"
UNICAP,Portal NE10,21/01/2024,970 x 250,1,0,"R$0,00 ","0,0","0,0"
UNICAP,JC Online,21/01/2024,970 x 250,3363,8,"R$0,00 ","0,0","0,0"
UNICAP,JC Online,21/01/2024,970 x 250,1,0,"R$0,00 ","0,0","0,0"
UNICAP,Jamildo,21/01/2024,970 x 250,51,0,"R$0,00 ","0,0","0,0"
UNICAP,Social 1,21/01/2024,970 x 250,867,4,"R$0,00 ","0,0","0,0"
UNICAP,Blog do Torcedor,21/01/2024,970 x 250,1012,1,"R$0,00 ","0,0","0,0"
UNICAP,JC Classico,21/01/2024,970 x 250,141,0,"R$0,00 ","0,0","0,0"
UNICAP,JC HTML,21/01/2024,970 x 250,32,1,"R$0,00 ","0,0","0,0"
UNICAP,Portal NE10,21/01/2024,970 x 250,115,0,"R$0,00 ","0,0","0,0"
UNICAP,Rádio Jornal,21/01/2024,970 x 250,94,0,"R$0,00 ","0,0","0,0"
UNICAP,TV Jornal,21/01/2024,970 x 250,121,0,"R$0,00 ","0,0","0,0"
UOL ADS,Portal NE10,21/01/2024,300 x 250,195,1,"R$0,63 ","0,378","3,2308"
UOL ADS,Portal NE10,21/01/2024,300 x 50,117,0,"R$0,11 ","0,066","0,9402"
UOL ADS,Portal NE10,21/01/2024,320 x 50,98,0,"R$0,00 ","0,0","0,0"
UOL ADS,Portal NE10,21/01/2024,Nativo,1241,2,"R$0,50 ","0,3","0,4029"
UOL ADS,Portal NE10,21/01/2024,300 x 50,36,0,"R$0,03 ","0,018","0,8333"
UOL ADS,Portal NE10,21/01/2024,300 x 50,32,0,"R$0,03 ","0,018","0,9375"
UOL ADS,Portal NE10,21/01/2024,320 x 50,81,0,"R$0,00 ","0,0","0,0"
UOL ADS,Portal NE10,21/01/2024,Nativo,11915,6,"R$1,31 ","0,786","0,1099"
UOL ADS,Portal NE10,21/01/2024,480 x 360v,9,0,"R$0,36 ","0,216","40,0"
UOL ADS,Portal NE10,21/01/2024,480 x 360v,4,0,"R$0,13 ","0,078","32,5"
UOL ADS,Interior,21/01/2024,300 x 50,1,0,"R$0,00 ","0,0","0,0"
UOL ADS,Interior,21/01/2024,300 x 600,4,0,"R$0,00 ","0,0","0,0"
UOL ADS,Interior,21/01/2024,320 x 50,1,0,"R$0,00 ","0,0","0,0"
UOL ADS,Interior,21/01/2024,480 x 360v,3,0,"R$0,03 ","0,018","10,0"
UOL ADS,Interior,21/01/2024,Nativo,767,0,"R$0,01 ","0,006","0,013"
UOL ADS,Interior,21/01/2024,480 x 360v,1,0,"R$0,01 ","0,006","10,0"
UOL ADS,Interior,21/01/2024,Nativo,1,0,"R$0,00 ","0,0","0,0"
UOL ADS,Portal NE10,21/01/2024,Nativo,2,0,"R$0,00 ","0,0","0,0"
UOL ADS,JC Online,21/01/2024,120 x 600,1,0,"R$0,01 ","0,006","10,0"
UOL ADS,JC Online,21/01/2024,250 x 250,592,0,"R$0,00 ","0,0","0,0"
UOL ADS,JC Online,21/01/2024,300 x 250,6428,5,"R$3,69 ","2,214","0,5741"
UOL ADS,JC Online,21/01/2024,300 x 50,8636,8,"R$8,20 ","4,92","0,9495"
UOL ADS,JC Online,21/01/2024,300 x 600,1082,0,"R$0,01 ","0,006","0,0092"
UOL ADS,JC Online,21/01/2024,320 x 50,10778,11,"R$6,65 ","3,99","0,617"
UOL ADS,JC Online,21/01/2024,728 x 90,1,0,"R$0,00 ","0,0","0,0"
UOL ADS,JC Online,21/01/2024,Nativo,102371,85,"R$27,81 ","16,686","0,2717"
UOL ADS,Jamildo,21/01/2024,300 x 250,2847,3,"R$1,78 ","1,068","0,6252"
UOL ADS,Jamildo,21/01/2024,300 x 50,5086,4,"R$4,83 ","2,898","0,9497"
UOL ADS,Jamildo,21/01/2024,320 x 50,17714,21,"R$12,93 ","7,758","0,7299"
UOL ADS,Jamildo,21/01/2024,Nativo,69497,66,"R$23,55 ","14,13","0,3389"
UOL ADS,JC Online,21/01/2024,300 x 50,1400,2,"R$1,33 ","0,798","0,95"
UOL ADS,JC Online,21/01/2024,Nativo,121,0,"R$0,01 ","0,006","0,0826"
UOL ADS,Jamildo,21/01/2024,300 x 250,504,0,"R$0,11 ","0,066","0,2183"
UOL ADS,Jamildo,21/01/2024,300 x 50,683,0,"R$0,65 ","0,39","0,9517"
UOL ADS,Jamildo,21/01/2024,300 x 600,34,0,"R$0,00 ","0,0","0,0"
UOL ADS,Jamildo,21/01/2024,320 x 50,641,0,"R$0,00 ","0,0","0,0"
UOL ADS,Jamildo,21/01/2024,Nativo,7039,11,"R$3,19 ","1,914","0,4532"
UOL ADS,Jamildo,21/01/2024,300 x 50,372,0,"R$0,35 ","0,21","0,9409"
UOL ADS,Jamildo,21/01/2024,300 x 50,20,0,"R$0,02 ","0,012","1,0"
UOL ADS,Jamildo,21/01/2024,480 x 360v,12,1,"R$0,45 ","0,27","37,5"
UOL ADS,Portal NE10,21/01/2024,300 x 250,112,0,"R$0,01 ","0,006","0,0893"
UOL ADS,Portal NE10,21/01/2024,300 x 50,38,0,"R$0,04 ","0,024","1,0526"
UOL ADS,Portal NE10,21/01/2024,320 x 50,120,0,"R$0,00 ","0,0","0,0"
UOL ADS,Portal NE10,21/01/2024,Nativo,572,0,"R$0,02 ","0,012","0,035"
UOL ADS,Social 1,21/01/2024,120 x 600,2,0,"R$0,02 ","0,012","10,0"
UOL ADS,Social 1,21/01/2024,250 x 250,53,0,"R$0,00 ","0,0","0,0"
UOL ADS,Social 1,21/01/2024,300 x 250,44469,56,"R$30,37 ","18,222","0,6829"
UOL ADS,Social 1,21/01/2024,300 x 50,36392,22,"R$34,57 ","20,742","0,9499"
UOL ADS,Social 1,21/01/2024,300 x 600,11,0,"R$0,00 ","0,0","0,0"
UOL ADS,Social 1,21/01/2024,320 x 50,40575,21,"R$11,54 ","6,924","0,2844"
UOL ADS,Social 1,21/01/2024,728 x 90,1,0,"R$0,00 ","0,0","0,0"
UOL ADS,Social 1,21/01/2024,Nativo,405054,322,"R$102,48 ","61,488","0,253"
UOL ADS,Social 1,21/01/2024,300 x 50,216,0,"R$0,21 ","0,126","0,9722"
UOL ADS,Social 1,21/01/2024,480 x 360v,67,1,"R$2,17 ","1,302","32,3881"
UOL ADS,Social 1,21/01/2024,Nativo,1,0,"R$0,00 ","0,0","0,0"
UOL ADS,Blog do Torcedor,21/01/2024,120 x 600,28,0,"R$0,29 ","0,174","10,3571"
UOL ADS,Blog do Torcedor,21/01/2024,300 x 250,5716,9,"R$4,30 ","2,58","0,7523"
UOL ADS,Blog do Torcedor,21/01/2024,300 x 50,5518,4,"R$5,24 ","3,144","0,9496"
UOL ADS,Blog do Torcedor,21/01/2024,300 x 600,2,0,"R$0,00 ","0,0","0,0"
UOL ADS,Blog do Torcedor,21/01/2024,320 x 50,13716,9,"R$5,49 ","3,294","0,4003"
UOL ADS,Blog do Torcedor,21/01/2024,Nativo,75845,68,"R$20,37 ","12,222","0,2686"
UOL ADS,Blog do Torcedor,21/01/2024,300 x 50,217,0,"R$0,21 ","0,126","0,9677"
UOL ADS,Blog do Torcedor,21/01/2024,480 x 360v,13,0,"R$0,49 ","0,294","37,6923"
UOL ADS,Blog do Torcedor,21/01/2024,300 x 50,4,0,"R$0,00 ","0,0","0,0"
UOL ADS,JC Online,21/01/2024,480 x 360v,85,1,"R$3,10 ","1,86","36,4706"
UOL ADS,JC Online,21/01/2024,300 x 50,20,0,"R$0,02 ","0,012","1,0"
UOL ADS,JC Classico,21/01/2024,300 x 250,6,0,"R$0,00 ","0,0","0,0"
UOL ADS,JC Classico,21/01/2024,320 x 50,3,0,"R$0,00 ","0,0","0,0"
UOL ADS,JC Classico,21/01/2024,Nativo,63,0,"R$0,00 ","0,0","0,0"
UOL ADS,JC Classico,21/01/2024,300 x 50,8,0,"R$0,01 ","0,006","1,25"
UOL ADS,JC HTML,21/01/2024,300 x 250,613,0,"R$0,03 ","0,018","0,0489"
UOL ADS,JC HTML,21/01/2024,300 x 50,459,1,"R$0,44 ","0,264","0,9586"
UOL ADS,JC HTML,21/01/2024,320 x 50,1462,1,"R$0,47 ","0,282","0,3215"
UOL ADS,JC HTML,21/01/2024,Nativo,3373,2,"R$0,53 ","0,318","0,1571"
UOL ADS,JC HTML,21/01/2024,300 x 50,9,0,"R$0,01 ","0,006","1,1111"
UOL ADS,JC Online,21/01/2024,320 x 50,8,0,"R$0,00 ","0,0","0,0"
UOL ADS,JC Online,21/01/2024,Nativo,7,0,"R$0,00 ","0,0","0,0"
UOL ADS,Portal NE10,21/01/2024,300 x 50,1,0,"R$0,00 ","0,0","0,0"
UOL ADS,Portal NE10,21/01/2024,320 x 50,18,0,"R$0,00 ","0,0","0,0"
UOL ADS,Portal NE10,21/01/2024,Nativo,661,0,"R$0,01 ","0,006","0,0151"
UOL ADS,Portal NE10,21/01/2024,480 x 360v,1,0,"R$0,04 ","0,024","40,0"
UOL ADS,Rádio Jornal,21/01/2024,300 x 250,2905,1,"R$0,92 ","0,552","0,3167"
UOL ADS,Rádio Jornal,21/01/2024,300 x 50,1349,0,"R$1,28 ","0,768","0,9489"
UOL ADS,Rádio Jornal,21/01/2024,300 x 600,8,0,"R$0,00 ","0,0","0,0"
UOL ADS,Rádio Jornal,21/01/2024,320 x 50,1908,0,"R$0,00 ","0,0","0,0"
UOL ADS,Rádio Jornal,21/01/2024,Nativo,11948,14,"R$5,08 ","3,048","0,4252"
UOL ADS,Rádio Jornal,21/01/2024,300 x 50,49,0,"R$0,05 ","0,03","1,0204"
UOL ADS,Rádio Jornal,21/01/2024,300 x 50,2,0,"R$0,00 ","0,0","0,0"
UOL ADS,Rádio Jornal,21/01/2024,320 x 50,104,0,"R$0,00 ","0,0","0,0"
UOL ADS,Rádio Jornal,21/01/2024,Nativo,244,0,"R$0,00 ","0,0","0,0"
UOL ADS,Rádio Jornal,21/01/2024,300 x 50,1,0,"R$0,00 ","0,0","0,0"
UOL ADS,Rádio Jornal,21/01/2024,300 x 50,2,0,"R$0,00 ","0,0","0,0"
UOL ADS,TV Jornal,21/01/2024,300 x 50,35,0,"R$0,03 ","0,018","0,8571"
UOL ADS,TV Jornal,21/01/2024,300 x 600,10,0,"R$0,00 ","0,0","0,0"
UOL ADS,TV Jornal,21/01/2024,320 x 50,261,1,"R$0,70 ","0,42","2,682"
UOL ADS,TV Jornal,21/01/2024,Nativo,3184,4,"R$1,31 ","0,786","0,4114"
UOL ADS,TV Jornal,21/01/2024,300 x 50,58,0,"R$0,06 ","0,036","1,0345"
UOL ADS,TV Jornal,21/01/2024,300 x 50,1,0,"R$0,00 ","0,0","0,0"
UOL ADS,TV Jornal,21/01/2024,300 x 600,3,0,"R$0,00 ","0,0","0,0"
UOL ADS,TV Jornal,21/01/2024,320 x 50,1,0,"R$0,00 ","0,0","0,0"
UOL ADS,TV Jornal,21/01/2024,Nativo,13,0,"R$0,00 ","0,0","0,0"
UOL ADS,TV Jornal,21/01/2024,480 x 360v,6,0,"R$0,15 ","0,09","25,0"
UOL ADS,Interior,21/01/2024,Nativo,4,0,"R$0,00 ","0,0","0,0"
UOL ADS,Portal NE10,21/01/2024,480 x 361v,2,0,"R$0,02 ","0,012","10,0"
UOL ADS,TV Jornal,21/01/2024,480 x 361v,4,0,"R$0,04 ","0,024","10,0"
UOL Ads,Portal NE10,21/01/2024,120 x 600,5,0,"R$0,01 ","0,006","2,0"
UOL Ads,JC Online,21/01/2024,120 x 600,27,0,"R$0,05 ","0,03","1,8519"
UOL Ads,Jamildo,21/01/2024,120 x 600,33,0,"R$0,06 ","0,036","1,8182"
UOL Ads,Jamildo,21/01/2024,120 x 600,12,0,"R$0,02 ","0,012","1,6667"
UOL Ads,Jamildo,21/01/2024,120 x 600,1,0,"R$0,00 ","0,0","0,0"
UOL Ads,Social 1,21/01/2024,120 x 600,64,0,"R$0,12 ","0,072","1,875"
UOL Ads,Social 1,21/01/2024,120 x 600,3,0,"R$0,01 ","0,006","3,3333"
UOL Ads,Blog do Torcedor,21/01/2024,120 x 600,19,0,"R$0,04 ","0,024","2,1053"
UOL Ads,JC HTML,21/01/2024,120 x 600,3,0,"R$0,01 ","0,006","3,3333"
UOL Insercao,Portal NE10,21/01/2024,1 x 1,214,0,"R$0,00 ","0,0","0,0"
UOL Insercao,Portal NE10,21/01/2024,1 x 1,3877,0,"R$0,00 ","0,0","0,0"
UOL Insercao,Interior,21/01/2024,1 x 1,1188,0,"R$0,00 ","0,0","0,0"
UOL Insercao,Interior,21/01/2024,1 x 1,78,0,"R$0,00 ","0,0","0,0"
UOL Insercao,Interior,21/01/2024,1 x 1,3,0,"R$0,00 ","0,0","0,0"
UOL Insercao,JC Online,21/01/2024,1 x 1,9238,0,"R$0,00 ","0,0","0,0"
UOL Insercao,JC Online,21/01/2024,1 x 1,8120,0,"R$0,00 ","0,0","0,0"
UOL Insercao,Social 1,21/01/2024,1 x 1,38459,0,"R$0,00 ","0,0","0,0"
UOL Insercao,Blog do Torcedor,21/01/2024,1 x 1,50,0,"R$0,00 ","0,0","0,0"
UOL Insercao,Rádio Jornal,21/01/2024,1 x 1,719,0,"R$0,00 ","0,0","0,0"
UOL Insercao,Rádio Jornal,21/01/2024,1 x 1,500,0,"R$0,00 ","0,0","0,0"
UOL Insercao,Rádio Jornal,21/01/2024,1 x 1,369,0,"R$0,00 ","0,0","0,0"
UOL Insercao,TV Jornal,21/01/2024,1 x 1,105,0,"R$0,00 ","0,0","0,0"
UOL Insercao,TV Jornal,21/01/2024,1 x 1,995,0,"R$0,00 ","0,0","0,0"
VJ SUAVE LTDA,JC Online,21/01/2024,300 x 250,1422,2,"R$0,00 ","0,0","0,0"
VJ SUAVE LTDA,JC Online,21/01/2024,300 x 250,5,0,"R$0,00 ","0,0","0,0"
VJ SUAVE LTDA,JC HTML,21/01/2024,300 x 250,1,0,"R$0,00 ","0,0","0,0"
VJ SUAVE LTDA,Portal NE10,21/01/2024,300 x 250,2,0,"R$0,00 ","0,0","0,0"
armazem coral,Portal NE10,21/01/2024,480 x 360v,63,1,"R$0,00 ","0,0","0,0"
armazem coral,JC Online,21/01/2024,480 x 360v,275,4,"R$0,00 ","0,0","0,0"
armazem coral,Portal NE10,21/01/2024,480 x 360v,1,0,"R$0,00 ","0,0","0,0"
better colective,JC Online,21/01/2024,300 x 250,8055,0,"R$0,00 ","0,0","0,0"
better colective,Portal NE10,21/01/2024,300 x 250,1,0,"R$0,00 ","0,0","0,0"
better colective,Blog do Torcedor,21/01/2024,300 x 250,3494,0,"R$0,00 ","0,0","0,0"
better colective,JC Online,21/01/2024,300 x 250,211,0,"R$0,00 ","0,0","0,0"
better colective,JC Classico,21/01/2024,300 x 250,163,0,"R$0,00 ","0,0","0,0"
better colective,JC HTML,21/01/2024,300 x 250,178,0,"R$0,00 ","0,0","0,0"
